filename,label,prediccion
reggae.00048.2.wav,reggae,reggae
reggae.00086.5.wav,reggae,reggae
rock.00069.6.wav,rock,rock
blues.00079.9.wav,blues,blues
rock.00086.4.wav,rock,rock
country.00063.8.wav,country,country
jazz.00030.4.wav,jazz,jazz
metal.00045.2.wav,metal,metal
jazz.00023.5.wav,jazz,jazz
hiphop.00016.1.wav,hiphop,hiphop
classical.00008.5.wav,classical,classical
jazz.00062.7.wav,jazz,jazz
rock.00046.9.wav,rock,rock
reggae.00092.1.wav,reggae,reggae
hiphop.00031.6.wav,hiphop,hiphop
country.00029.8.wav,country,country
disco.00065.2.wav,disco,disco
metal.00092.4.wav,metal,metal
hiphop.00058.3.wav,hiphop,hiphop
country.00015.9.wav,country,country
disco.00015.3.wav,disco,disco
reggae.00096.6.wav,reggae,reggae
hiphop.00057.5.wav,hiphop,hiphop
metal.00067.2.wav,metal,metal
classical.00026.1.wav,classical,classical
disco.00021.3.wav,disco,disco
rock.00051.8.wav,rock,rock
blues.00038.2.wav,blues,blues
hiphop.00018.9.wav,hiphop,hiphop
reggae.00012.8.wav,reggae,reggae
reggae.00052.5.wav,reggae,reggae
country.00025.2.wav,country,pop
rock.00049.3.wav,rock,rock
metal.00020.9.wav,metal,metal
country.00054.4.wav,country,country
metal.00073.5.wav,metal,metal
jazz.00050.8.wav,jazz,jazz
hiphop.00072.4.wav,hiphop,hiphop
blues.00058.0.wav,blues,blues
reggae.00061.3.wav,reggae,reggae
hiphop.00098.5.wav,hiphop,hiphop
hiphop.00099.5.wav,hiphop,hiphop
hiphop.00065.3.wav,hiphop,hiphop
hiphop.00004.7.wav,hiphop,hiphop
hiphop.00098.4.wav,hiphop,hiphop
rock.00039.2.wav,rock,rock
jazz.00073.6.wav,jazz,jazz
reggae.00066.1.wav,reggae,reggae
metal.00066.0.wav,metal,metal
disco.00017.6.wav,disco,disco
pop.00019.6.wav,pop,pop
pop.00072.2.wav,pop,pop
country.00068.3.wav,country,country
hiphop.00048.3.wav,hiphop,hiphop
hiphop.00051.5.wav,hiphop,hiphop
classical.00087.6.wav,classical,classical
country.00013.3.wav,country,country
jazz.00085.7.wav,jazz,pop
reggae.00064.0.wav,reggae,reggae
classical.00010.3.wav,classical,classical
reggae.00019.5.wav,reggae,reggae
rock.00014.4.wav,rock,rock
classical.00046.1.wav,classical,classical
rock.00015.0.wav,rock,rock
hiphop.00070.3.wav,hiphop,hiphop
hiphop.00000.4.wav,hiphop,hiphop
classical.00087.2.wav,classical,classical
blues.00071.3.wav,blues,blues
disco.00098.4.wav,disco,disco
reggae.00066.3.wav,reggae,reggae
metal.00043.5.wav,metal,metal
disco.00060.0.wav,disco,disco
country.00011.8.wav,country,jazz
metal.00053.8.wav,metal,metal
hiphop.00093.7.wav,hiphop,hiphop
blues.00065.5.wav,blues,blues
reggae.00032.2.wav,reggae,reggae
pop.00023.5.wav,pop,pop
rock.00029.7.wav,rock,rock
country.00077.4.wav,country,country
blues.00059.8.wav,blues,blues
hiphop.00096.8.wav,hiphop,hiphop
pop.00047.8.wav,pop,pop
jazz.00086.9.wav,jazz,jazz
hiphop.00013.1.wav,hiphop,hiphop
metal.00063.3.wav,metal,metal
country.00087.0.wav,country,country
pop.00063.2.wav,pop,pop
reggae.00005.9.wav,reggae,reggae
disco.00057.2.wav,disco,disco
jazz.00081.6.wav,jazz,jazz
disco.00043.8.wav,disco,disco
classical.00014.5.wav,classical,classical
blues.00046.7.wav,blues,blues
reggae.00031.5.wav,reggae,reggae
jazz.00080.4.wav,jazz,jazz
rock.00058.2.wav,rock,rock
classical.00094.8.wav,classical,classical
rock.00065.9.wav,rock,rock
disco.00059.1.wav,disco,disco
disco.00052.1.wav,disco,disco
hiphop.00057.1.wav,hiphop,hiphop
metal.00092.2.wav,metal,metal
metal.00055.2.wav,metal,metal
hiphop.00032.5.wav,hiphop,reggae
jazz.00081.2.wav,jazz,jazz
disco.00056.4.wav,disco,disco
classical.00074.8.wav,classical,classical
metal.00091.6.wav,metal,blues
reggae.00098.7.wav,reggae,reggae
rock.00025.0.wav,rock,rock
metal.00082.9.wav,metal,metal
disco.00085.8.wav,disco,hiphop
reggae.00096.5.wav,reggae,reggae
reggae.00066.7.wav,reggae,reggae
metal.00076.4.wav,metal,metal
classical.00023.5.wav,classical,classical
disco.00084.4.wav,disco,disco
metal.00077.3.wav,metal,metal
classical.00081.9.wav,classical,classical
pop.00058.8.wav,pop,pop
jazz.00055.2.wav,jazz,jazz
hiphop.00030.4.wav,hiphop,hiphop
jazz.00016.8.wav,jazz,jazz
rock.00069.2.wav,rock,rock
hiphop.00075.5.wav,hiphop,hiphop
pop.00048.8.wav,pop,pop
pop.00063.4.wav,pop,pop
disco.00001.4.wav,disco,disco
country.00085.2.wav,country,country
rock.00026.8.wav,rock,rock
rock.00061.4.wav,rock,rock
hiphop.00049.0.wav,hiphop,hiphop
hiphop.00049.6.wav,hiphop,hiphop
rock.00082.2.wav,rock,rock
rock.00069.1.wav,rock,jazz
jazz.00060.9.wav,jazz,jazz
classical.00037.3.wav,classical,classical
disco.00026.6.wav,disco,disco
country.00057.4.wav,country,country
jazz.00062.1.wav,jazz,jazz
pop.00094.6.wav,pop,pop
reggae.00009.7.wav,reggae,reggae
metal.00042.7.wav,metal,metal
reggae.00040.0.wav,reggae,blues
country.00089.5.wav,country,country
country.00034.2.wav,country,country
reggae.00020.3.wav,reggae,reggae
hiphop.00038.0.wav,hiphop,classical
country.00054.0.wav,country,country
blues.00052.1.wav,blues,blues
reggae.00008.2.wav,reggae,reggae
blues.00022.6.wav,blues,blues
classical.00078.5.wav,classical,classical
reggae.00014.6.wav,reggae,reggae
hiphop.00004.4.wav,hiphop,hiphop
country.00027.3.wav,country,country
reggae.00005.0.wav,reggae,reggae
blues.00016.7.wav,blues,blues
hiphop.00060.6.wav,hiphop,hiphop
country.00065.1.wav,country,country
metal.00076.0.wav,metal,metal
rock.00009.7.wav,rock,rock
metal.00057.6.wav,metal,metal
reggae.00013.0.wav,reggae,reggae
blues.00029.6.wav,blues,blues
disco.00002.3.wav,disco,disco
metal.00082.4.wav,metal,metal
country.00046.2.wav,country,country
disco.00034.9.wav,disco,disco
rock.00015.7.wav,rock,rock
classical.00064.2.wav,classical,classical
metal.00098.4.wav,metal,metal
reggae.00083.8.wav,reggae,reggae
jazz.00089.0.wav,jazz,jazz
jazz.00091.7.wav,jazz,country
jazz.00050.6.wav,jazz,jazz
metal.00007.8.wav,metal,metal
pop.00010.2.wav,pop,pop
metal.00032.5.wav,metal,metal
metal.00021.5.wav,metal,metal
reggae.00020.9.wav,reggae,reggae
pop.00020.3.wav,pop,pop
metal.00079.6.wav,metal,metal
pop.00074.1.wav,pop,pop
rock.00047.3.wav,rock,rock
metal.00017.6.wav,metal,metal
metal.00036.8.wav,metal,metal
rock.00006.4.wav,rock,country
blues.00025.6.wav,blues,blues
pop.00007.0.wav,pop,pop
classical.00080.6.wav,classical,classical
jazz.00099.8.wav,jazz,jazz
rock.00000.9.wav,rock,rock
pop.00097.6.wav,pop,pop
disco.00003.9.wav,disco,disco
blues.00033.4.wav,blues,blues
hiphop.00034.8.wav,hiphop,hiphop
rock.00061.8.wav,rock,rock
metal.00093.9.wav,metal,metal
rock.00075.5.wav,rock,rock
country.00019.8.wav,country,country
hiphop.00027.9.wav,hiphop,hiphop
reggae.00055.7.wav,reggae,reggae
blues.00092.0.wav,blues,blues
reggae.00058.4.wav,reggae,reggae
metal.00083.6.wav,metal,metal
reggae.00015.6.wav,reggae,reggae
country.00087.8.wav,country,country
classical.00015.6.wav,classical,classical
country.00051.1.wav,country,rock
hiphop.00046.2.wav,hiphop,hiphop
disco.00003.3.wav,disco,pop
disco.00063.5.wav,disco,disco
metal.00064.8.wav,metal,metal
metal.00083.4.wav,metal,metal
hiphop.00013.9.wav,hiphop,metal
pop.00019.5.wav,pop,pop
rock.00009.5.wav,rock,rock
jazz.00013.3.wav,jazz,jazz
jazz.00087.1.wav,jazz,jazz
metal.00059.4.wav,metal,metal
classical.00035.9.wav,classical,jazz
disco.00076.3.wav,disco,disco
pop.00085.8.wav,pop,pop
country.00097.7.wav,country,country
hiphop.00052.1.wav,hiphop,pop
metal.00094.2.wav,metal,metal
disco.00051.6.wav,disco,disco
reggae.00056.0.wav,reggae,reggae
blues.00048.7.wav,blues,blues
rock.00071.5.wav,rock,rock
pop.00006.9.wav,pop,pop
jazz.00028.9.wav,jazz,jazz
reggae.00054.5.wav,reggae,reggae
rock.00097.0.wav,rock,rock
rock.00056.2.wav,rock,rock
blues.00057.8.wav,blues,country
blues.00065.1.wav,blues,blues
blues.00027.2.wav,blues,blues
classical.00014.9.wav,classical,classical
country.00059.0.wav,country,country
metal.00062.5.wav,metal,metal
jazz.00087.4.wav,jazz,jazz
jazz.00083.3.wav,jazz,jazz
country.00000.4.wav,country,country
metal.00097.3.wav,metal,metal
pop.00000.1.wav,pop,pop
hiphop.00094.9.wav,hiphop,hiphop
hiphop.00067.9.wav,hiphop,hiphop
country.00001.9.wav,country,country
country.00055.4.wav,country,country
country.00095.4.wav,country,country
pop.00004.9.wav,pop,pop
metal.00057.3.wav,metal,metal
jazz.00010.7.wav,jazz,jazz
classical.00072.8.wav,classical,classical
jazz.00037.9.wav,jazz,jazz
country.00007.4.wav,country,country
classical.00042.2.wav,classical,classical
disco.00099.9.wav,disco,disco
jazz.00038.5.wav,jazz,jazz
pop.00015.9.wav,pop,pop
jazz.00075.2.wav,jazz,jazz
metal.00096.3.wav,metal,hiphop
jazz.00006.1.wav,jazz,country
rock.00058.5.wav,rock,rock
blues.00019.0.wav,blues,blues
reggae.00021.4.wav,reggae,reggae
blues.00056.5.wav,blues,country
jazz.00022.0.wav,jazz,jazz
reggae.00074.7.wav,reggae,reggae
blues.00004.8.wav,blues,blues
jazz.00056.3.wav,jazz,jazz
rock.00068.5.wav,rock,rock
rock.00050.9.wav,rock,rock
disco.00058.7.wav,disco,disco
blues.00037.7.wav,blues,blues
classical.00016.7.wav,classical,classical
classical.00039.9.wav,classical,classical
rock.00055.6.wav,rock,rock
pop.00005.9.wav,pop,pop
classical.00010.2.wav,classical,classical
pop.00052.0.wav,pop,pop
metal.00051.1.wav,metal,metal
metal.00070.0.wav,metal,metal
country.00031.3.wav,country,country
country.00061.8.wav,country,country
hiphop.00071.6.wav,hiphop,hiphop
hiphop.00043.8.wav,hiphop,hiphop
jazz.00026.4.wav,jazz,jazz
metal.00097.8.wav,metal,metal
reggae.00034.0.wav,reggae,reggae
rock.00045.1.wav,rock,rock
metal.00031.9.wav,metal,metal
pop.00030.1.wav,pop,pop
classical.00030.8.wav,classical,classical
disco.00099.8.wav,disco,disco
disco.00001.5.wav,disco,disco
metal.00040.7.wav,metal,metal
metal.00071.3.wav,metal,metal
blues.00083.6.wav,blues,blues
classical.00051.7.wav,classical,classical
rock.00093.5.wav,rock,rock
jazz.00043.0.wav,jazz,jazz
disco.00046.6.wav,disco,disco
country.00082.6.wav,country,country
reggae.00066.6.wav,reggae,reggae
reggae.00022.3.wav,reggae,reggae
reggae.00023.1.wav,reggae,reggae
classical.00035.1.wav,classical,classical
country.00028.4.wav,country,country
rock.00030.6.wav,rock,rock
reggae.00094.7.wav,reggae,reggae
disco.00000.4.wav,disco,pop
reggae.00004.5.wav,reggae,reggae
jazz.00074.9.wav,jazz,jazz
pop.00043.7.wav,pop,pop
blues.00055.5.wav,blues,metal
blues.00026.5.wav,blues,blues
disco.00071.6.wav,disco,disco
jazz.00026.3.wav,jazz,jazz
pop.00089.2.wav,pop,pop
classical.00064.6.wav,classical,classical
blues.00015.9.wav,blues,blues
disco.00088.0.wav,disco,disco
blues.00023.0.wav,blues,blues
rock.00000.5.wav,rock,rock
jazz.00058.9.wav,jazz,country
pop.00074.4.wav,pop,pop
pop.00093.6.wav,pop,pop
rock.00007.3.wav,rock,rock
hiphop.00034.7.wav,hiphop,disco
classical.00009.5.wav,classical,classical
reggae.00030.1.wav,reggae,reggae
jazz.00061.0.wav,jazz,jazz
reggae.00039.4.wav,reggae,reggae
jazz.00040.3.wav,jazz,jazz
reggae.00042.4.wav,reggae,reggae
classical.00003.5.wav,classical,classical
country.00012.9.wav,country,country
jazz.00019.1.wav,jazz,jazz
classical.00023.1.wav,classical,classical
classical.00017.2.wav,classical,classical
reggae.00096.7.wav,reggae,reggae
country.00053.3.wav,country,country
disco.00090.2.wav,disco,disco
blues.00012.5.wav,blues,blues
country.00084.6.wav,country,country
pop.00084.4.wav,pop,pop
metal.00014.8.wav,metal,metal
blues.00024.7.wav,blues,blues
pop.00007.5.wav,pop,pop
classical.00022.0.wav,classical,classical
metal.00072.9.wav,metal,metal
classical.00052.1.wav,classical,jazz
reggae.00068.3.wav,reggae,reggae
pop.00092.2.wav,pop,pop
rock.00061.7.wav,rock,rock
blues.00069.3.wav,blues,blues
hiphop.00030.5.wav,hiphop,hiphop
country.00066.8.wav,country,country
classical.00036.3.wav,classical,classical
blues.00049.9.wav,blues,jazz
reggae.00039.5.wav,reggae,reggae
pop.00093.4.wav,pop,pop
jazz.00014.4.wav,jazz,jazz
rock.00073.4.wav,rock,rock
reggae.00064.6.wav,reggae,reggae
metal.00047.8.wav,metal,metal
hiphop.00002.4.wav,hiphop,hiphop
metal.00038.5.wav,metal,metal
rock.00093.2.wav,rock,rock
rock.00079.8.wav,rock,rock
metal.00073.3.wav,metal,metal
metal.00066.6.wav,metal,metal
reggae.00083.1.wav,reggae,jazz
blues.00052.8.wav,blues,blues
pop.00017.4.wav,pop,pop
metal.00050.0.wav,metal,metal
metal.00087.2.wav,metal,metal
metal.00065.3.wav,metal,metal
metal.00051.8.wav,metal,metal
metal.00030.1.wav,metal,metal
reggae.00047.3.wav,reggae,reggae
pop.00091.4.wav,pop,pop
rock.00043.6.wav,rock,rock
pop.00085.9.wav,pop,jazz
metal.00056.2.wav,metal,metal
hiphop.00017.0.wav,hiphop,hiphop
reggae.00065.3.wav,reggae,reggae
classical.00075.0.wav,classical,classical
rock.00006.8.wav,rock,rock
blues.00000.9.wav,blues,blues
country.00086.6.wav,country,blues
disco.00037.4.wav,disco,disco
pop.00044.6.wav,pop,pop
reggae.00075.2.wav,reggae,reggae
jazz.00009.9.wav,jazz,jazz
disco.00007.1.wav,disco,disco
classical.00017.6.wav,classical,classical
classical.00009.1.wav,classical,classical
hiphop.00010.9.wav,hiphop,rock
classical.00055.6.wav,classical,classical
reggae.00043.9.wav,reggae,reggae
hiphop.00078.7.wav,hiphop,hiphop
jazz.00077.9.wav,jazz,jazz
blues.00020.1.wav,blues,blues
metal.00007.7.wav,metal,metal
reggae.00035.9.wav,reggae,reggae
disco.00093.7.wav,disco,disco
classical.00010.9.wav,classical,classical
blues.00022.1.wav,blues,blues
blues.00045.4.wav,blues,blues
blues.00024.2.wav,blues,blues
hiphop.00078.8.wav,hiphop,hiphop
blues.00088.8.wav,blues,blues
metal.00027.6.wav,metal,metal
reggae.00070.9.wav,reggae,reggae
classical.00046.7.wav,classical,classical
pop.00080.5.wav,pop,pop
hiphop.00010.3.wav,hiphop,disco
disco.00027.6.wav,disco,disco
blues.00004.2.wav,blues,blues
rock.00079.6.wav,rock,rock
blues.00015.4.wav,blues,blues
metal.00049.3.wav,metal,metal
reggae.00013.1.wav,reggae,reggae
metal.00068.6.wav,metal,metal
classical.00037.6.wav,classical,classical
jazz.00077.4.wav,jazz,jazz
country.00063.5.wav,country,country
disco.00067.5.wav,disco,rock
reggae.00085.1.wav,reggae,reggae
hiphop.00053.6.wav,hiphop,hiphop
classical.00072.0.wav,classical,classical
pop.00013.8.wav,pop,pop
disco.00046.7.wav,disco,disco
blues.00017.6.wav,blues,blues
country.00024.2.wav,country,country
pop.00025.7.wav,pop,pop
rock.00005.5.wav,rock,rock
country.00061.3.wav,country,country
disco.00098.0.wav,disco,rock
hiphop.00050.5.wav,hiphop,hiphop
disco.00003.0.wav,disco,disco
pop.00061.0.wav,pop,pop
classical.00023.7.wav,classical,classical
pop.00099.5.wav,pop,pop
metal.00026.9.wav,metal,metal
pop.00053.0.wav,pop,hiphop
metal.00083.7.wav,metal,metal
reggae.00025.0.wav,reggae,reggae
jazz.00005.6.wav,jazz,jazz
disco.00007.0.wav,disco,pop
blues.00018.9.wav,blues,blues
hiphop.00013.7.wav,hiphop,hiphop
jazz.00084.8.wav,jazz,jazz
pop.00025.6.wav,pop,pop
rock.00098.3.wav,rock,rock
reggae.00056.6.wav,reggae,reggae
disco.00038.0.wav,disco,pop
hiphop.00060.0.wav,hiphop,hiphop
reggae.00030.8.wav,reggae,reggae
classical.00099.6.wav,classical,classical
country.00094.1.wav,country,country
classical.00019.4.wav,classical,classical
jazz.00068.8.wav,jazz,jazz
metal.00038.4.wav,metal,metal
jazz.00029.1.wav,jazz,jazz
country.00041.1.wav,country,country
jazz.00089.7.wav,jazz,jazz
jazz.00027.8.wav,jazz,jazz
pop.00063.3.wav,pop,pop
hiphop.00061.4.wav,hiphop,hiphop
jazz.00007.3.wav,jazz,jazz
blues.00059.7.wav,blues,blues
reggae.00048.7.wav,reggae,reggae
metal.00074.4.wav,metal,metal
reggae.00072.6.wav,reggae,reggae
jazz.00003.7.wav,jazz,jazz
rock.00077.2.wav,rock,rock
classical.00046.6.wav,classical,classical
metal.00003.8.wav,metal,metal
rock.00032.4.wav,rock,rock
disco.00011.9.wav,disco,disco
rock.00038.5.wav,rock,country
jazz.00056.4.wav,jazz,jazz
reggae.00031.7.wav,reggae,reggae
disco.00072.0.wav,disco,disco
rock.00025.3.wav,rock,rock
classical.00010.6.wav,classical,classical
jazz.00061.9.wav,jazz,jazz
hiphop.00086.1.wav,hiphop,hiphop
country.00050.0.wav,country,country
country.00050.5.wav,country,country
pop.00098.0.wav,pop,pop
blues.00049.1.wav,blues,blues
disco.00093.1.wav,disco,metal
hiphop.00011.1.wav,hiphop,hiphop
rock.00025.8.wav,rock,rock
rock.00057.3.wav,rock,rock
pop.00005.3.wav,pop,pop
rock.00043.7.wav,rock,rock
classical.00060.9.wav,classical,classical
hiphop.00068.4.wav,hiphop,hiphop
blues.00046.2.wav,blues,blues
country.00020.6.wav,country,country
pop.00035.9.wav,pop,pop
rock.00065.3.wav,rock,rock
jazz.00048.2.wav,jazz,jazz
hiphop.00054.2.wav,hiphop,hiphop
rock.00080.4.wav,rock,rock
jazz.00073.9.wav,jazz,jazz
jazz.00016.3.wav,jazz,classical
country.00008.0.wav,country,country
reggae.00087.2.wav,reggae,pop
blues.00098.2.wav,blues,blues
jazz.00085.6.wav,jazz,jazz
reggae.00031.2.wav,reggae,reggae
metal.00030.3.wav,metal,metal
classical.00047.8.wav,classical,classical
classical.00046.8.wav,classical,classical
metal.00089.0.wav,metal,metal
jazz.00092.3.wav,jazz,jazz
reggae.00004.4.wav,reggae,reggae
country.00058.5.wav,country,country
jazz.00039.7.wav,jazz,jazz
pop.00091.6.wav,pop,pop
classical.00093.0.wav,classical,classical
reggae.00033.0.wav,reggae,reggae
hiphop.00098.2.wav,hiphop,hiphop
disco.00064.5.wav,disco,disco
pop.00018.8.wav,pop,pop
country.00015.8.wav,country,country
blues.00011.9.wav,blues,blues
country.00006.4.wav,country,country
jazz.00004.0.wav,jazz,jazz
blues.00042.4.wav,blues,blues
pop.00008.0.wav,pop,pop
classical.00037.9.wav,classical,classical
pop.00007.3.wav,pop,pop
rock.00033.5.wav,rock,rock
blues.00032.0.wav,blues,blues
metal.00044.4.wav,metal,metal
reggae.00085.3.wav,reggae,reggae
pop.00021.3.wav,pop,reggae
reggae.00064.4.wav,reggae,reggae
classical.00091.9.wav,classical,classical
disco.00068.6.wav,disco,disco
jazz.00065.7.wav,jazz,jazz
hiphop.00075.0.wav,hiphop,hiphop
hiphop.00042.1.wav,hiphop,hiphop
reggae.00072.1.wav,reggae,reggae
rock.00011.7.wav,rock,rock
rock.00033.6.wav,rock,rock
country.00043.2.wav,country,country
reggae.00084.6.wav,reggae,reggae
disco.00078.8.wav,disco,disco
jazz.00018.3.wav,jazz,jazz
country.00044.1.wav,country,country
disco.00074.9.wav,disco,disco
country.00066.6.wav,country,country
hiphop.00008.0.wav,hiphop,hiphop
metal.00059.3.wav,metal,metal
hiphop.00064.2.wav,hiphop,hiphop
blues.00003.6.wav,blues,country
rock.00015.3.wav,rock,rock
pop.00061.2.wav,pop,pop
country.00041.6.wav,country,country
reggae.00067.7.wav,reggae,reggae
jazz.00080.8.wav,jazz,jazz
disco.00012.3.wav,disco,disco
hiphop.00016.8.wav,hiphop,hiphop
blues.00012.1.wav,blues,blues
rock.00078.9.wav,rock,rock
hiphop.00039.5.wav,hiphop,hiphop
country.00018.7.wav,country,country
country.00034.8.wav,country,country
reggae.00066.2.wav,reggae,reggae
country.00090.4.wav,country,country
reggae.00028.2.wav,reggae,reggae
disco.00093.3.wav,disco,disco
pop.00014.9.wav,pop,pop
blues.00069.2.wav,blues,blues
jazz.00089.3.wav,jazz,jazz
country.00064.5.wav,country,country
reggae.00090.6.wav,reggae,reggae
metal.00070.7.wav,metal,metal
metal.00001.0.wav,metal,metal
rock.00002.2.wav,rock,rock
country.00050.6.wav,country,rock
hiphop.00043.4.wav,hiphop,hiphop
reggae.00089.5.wav,reggae,reggae
classical.00027.0.wav,classical,classical
reggae.00036.3.wav,reggae,reggae
metal.00029.1.wav,metal,metal
disco.00031.0.wav,disco,pop
pop.00035.6.wav,pop,pop
disco.00089.3.wav,disco,disco
blues.00015.0.wav,blues,blues
rock.00099.5.wav,rock,rock
rock.00020.5.wav,rock,rock
reggae.00091.7.wav,reggae,reggae
jazz.00036.2.wav,jazz,jazz
hiphop.00027.5.wav,hiphop,hiphop
metal.00081.4.wav,metal,metal
hiphop.00068.6.wav,hiphop,hiphop
country.00024.6.wav,country,country
hiphop.00026.0.wav,hiphop,hiphop
hiphop.00053.4.wav,hiphop,hiphop
classical.00049.5.wav,classical,classical
jazz.00040.4.wav,jazz,jazz
blues.00083.4.wav,blues,blues
pop.00041.7.wav,pop,pop
pop.00053.7.wav,pop,pop
classical.00007.0.wav,classical,classical
country.00055.0.wav,country,country
disco.00007.6.wav,disco,pop
hiphop.00052.0.wav,hiphop,pop
jazz.00051.6.wav,jazz,jazz
rock.00057.7.wav,rock,rock
disco.00022.8.wav,disco,disco
rock.00078.1.wav,rock,rock
metal.00081.8.wav,metal,metal
pop.00084.3.wav,pop,pop
rock.00030.7.wav,rock,rock
blues.00004.4.wav,blues,blues
metal.00034.8.wav,metal,metal
blues.00018.1.wav,blues,blues
reggae.00019.6.wav,reggae,reggae
disco.00005.9.wav,disco,disco
pop.00085.7.wav,pop,pop
reggae.00067.0.wav,reggae,reggae
rock.00009.6.wav,rock,rock
reggae.00045.2.wav,reggae,reggae
hiphop.00060.5.wav,hiphop,hiphop
disco.00047.8.wav,disco,disco
disco.00014.5.wav,disco,disco
reggae.00027.9.wav,reggae,reggae
pop.00085.4.wav,pop,pop
classical.00084.4.wav,classical,classical
jazz.00056.1.wav,jazz,jazz
jazz.00051.0.wav,jazz,jazz
blues.00044.9.wav,blues,blues
rock.00038.3.wav,rock,pop
metal.00067.0.wav,metal,metal
hiphop.00085.5.wav,hiphop,hiphop
rock.00053.0.wav,rock,rock
reggae.00027.3.wav,reggae,reggae
blues.00014.0.wav,blues,blues
country.00044.8.wav,country,country
reggae.00025.3.wav,reggae,reggae
reggae.00069.1.wav,reggae,reggae
disco.00018.6.wav,disco,pop
disco.00065.8.wav,disco,disco
classical.00073.2.wav,classical,classical
reggae.00013.7.wav,reggae,reggae
disco.00004.2.wav,disco,disco
reggae.00093.7.wav,reggae,reggae
blues.00066.5.wav,blues,blues
jazz.00093.2.wav,jazz,jazz
classical.00012.1.wav,classical,classical
disco.00062.2.wav,disco,disco
country.00078.9.wav,country,country
rock.00017.3.wav,rock,rock
jazz.00085.2.wav,jazz,jazz
disco.00022.6.wav,disco,disco
metal.00099.1.wav,metal,hiphop
rock.00017.2.wav,rock,rock
disco.00049.1.wav,disco,disco
reggae.00012.2.wav,reggae,reggae
reggae.00081.6.wav,reggae,reggae
hiphop.00031.2.wav,hiphop,pop
hiphop.00045.4.wav,hiphop,hiphop
metal.00032.8.wav,metal,metal
reggae.00031.1.wav,reggae,reggae
disco.00008.3.wav,disco,pop
disco.00024.5.wav,disco,disco
pop.00032.5.wav,pop,pop
classical.00008.7.wav,classical,classical
reggae.00021.7.wav,reggae,reggae
country.00092.8.wav,country,country
blues.00055.1.wav,blues,blues
reggae.00084.9.wav,reggae,reggae
pop.00062.9.wav,pop,hiphop
hiphop.00039.6.wav,hiphop,hiphop
country.00025.5.wav,country,country
metal.00076.7.wav,metal,metal
hiphop.00072.5.wav,hiphop,hiphop
metal.00016.0.wav,metal,metal
reggae.00065.1.wav,reggae,reggae
classical.00089.4.wav,classical,classical
rock.00050.6.wav,rock,rock
metal.00038.9.wav,metal,metal
rock.00050.8.wav,rock,rock
pop.00056.2.wav,pop,pop
hiphop.00035.1.wav,hiphop,hiphop
disco.00054.1.wav,disco,disco
classical.00094.3.wav,classical,classical
hiphop.00058.9.wav,hiphop,hiphop
hiphop.00012.1.wav,hiphop,hiphop
disco.00041.4.wav,disco,disco
disco.00054.4.wav,disco,disco
rock.00005.7.wav,rock,rock
metal.00033.7.wav,metal,metal
hiphop.00009.1.wav,hiphop,hiphop
reggae.00002.4.wav,reggae,reggae
hiphop.00067.6.wav,hiphop,hiphop
country.00070.7.wav,country,country
blues.00054.1.wav,blues,blues
classical.00078.7.wav,classical,classical
rock.00057.8.wav,rock,rock
metal.00047.7.wav,metal,metal
disco.00045.1.wav,disco,disco
jazz.00038.8.wav,jazz,jazz
disco.00009.1.wav,disco,disco
rock.00064.2.wav,rock,rock
classical.00050.8.wav,classical,classical
blues.00025.3.wav,blues,blues
blues.00066.0.wav,blues,blues
hiphop.00054.7.wav,hiphop,hiphop
metal.00087.4.wav,metal,metal
country.00097.2.wav,country,jazz
classical.00079.0.wav,classical,classical
blues.00077.9.wav,blues,blues
jazz.00094.7.wav,jazz,jazz
rock.00010.1.wav,rock,rock
metal.00030.4.wav,metal,metal
jazz.00049.6.wav,jazz,jazz
hiphop.00081.6.wav,hiphop,hiphop
metal.00013.0.wav,metal,metal
rock.00096.5.wav,rock,rock
jazz.00080.0.wav,jazz,jazz
jazz.00070.8.wav,jazz,jazz
rock.00007.4.wav,rock,rock
jazz.00077.3.wav,jazz,jazz
pop.00045.8.wav,pop,pop
pop.00014.4.wav,pop,pop
jazz.00006.5.wav,jazz,jazz
disco.00091.4.wav,disco,disco
hiphop.00027.1.wav,hiphop,hiphop
pop.00078.6.wav,pop,pop
metal.00015.3.wav,metal,metal
rock.00040.7.wav,rock,rock
disco.00090.6.wav,disco,disco
blues.00003.3.wav,blues,blues
rock.00085.8.wav,rock,rock
hiphop.00028.1.wav,hiphop,hiphop
pop.00035.2.wav,pop,pop
blues.00068.3.wav,blues,blues
metal.00061.7.wav,metal,metal
disco.00070.4.wav,disco,disco
blues.00024.4.wav,blues,blues
blues.00099.2.wav,blues,blues
rock.00074.9.wav,rock,rock
hiphop.00053.5.wav,hiphop,hiphop
pop.00048.7.wav,pop,pop
metal.00052.7.wav,metal,metal
jazz.00063.0.wav,jazz,jazz
pop.00009.7.wav,pop,pop
hiphop.00062.3.wav,hiphop,hiphop
country.00066.3.wav,country,country
hiphop.00076.0.wav,hiphop,hiphop
country.00056.5.wav,country,country
blues.00070.4.wav,blues,blues
rock.00075.0.wav,rock,rock
blues.00084.3.wav,blues,blues
disco.00062.3.wav,disco,hiphop
blues.00057.4.wav,blues,blues
pop.00009.3.wav,pop,pop
rock.00020.3.wav,rock,rock
metal.00014.6.wav,metal,metal
jazz.00099.5.wav,jazz,jazz
rock.00099.9.wav,rock,rock
jazz.00058.7.wav,jazz,jazz
hiphop.00006.1.wav,hiphop,hiphop
blues.00023.4.wav,blues,blues
reggae.00066.9.wav,reggae,reggae
metal.00053.7.wav,metal,metal
hiphop.00074.9.wav,hiphop,hiphop
blues.00091.5.wav,blues,blues
metal.00076.8.wav,metal,metal
rock.00002.7.wav,rock,rock
blues.00049.5.wav,blues,blues
blues.00057.2.wav,blues,blues
rock.00013.7.wav,rock,rock
hiphop.00029.6.wav,hiphop,hiphop
reggae.00001.7.wav,reggae,blues
hiphop.00073.9.wav,hiphop,hiphop
blues.00084.1.wav,blues,blues
blues.00099.4.wav,blues,country
jazz.00093.9.wav,jazz,jazz
rock.00019.6.wav,rock,rock
classical.00083.1.wav,classical,classical
metal.00021.1.wav,metal,metal
rock.00019.9.wav,rock,rock
classical.00042.1.wav,classical,classical
pop.00003.2.wav,pop,pop
country.00014.5.wav,country,country
pop.00080.0.wav,pop,pop
jazz.00087.0.wav,jazz,jazz
rock.00081.1.wav,rock,rock
reggae.00030.5.wav,reggae,reggae
disco.00038.8.wav,disco,pop
disco.00085.5.wav,disco,disco
jazz.00058.1.wav,jazz,jazz
hiphop.00091.5.wav,hiphop,hiphop
jazz.00095.1.wav,jazz,jazz
jazz.00053.8.wav,jazz,jazz
reggae.00020.6.wav,reggae,reggae
rock.00017.1.wav,rock,rock
hiphop.00085.4.wav,hiphop,hiphop
classical.00009.6.wav,classical,classical
pop.00026.8.wav,pop,pop
hiphop.00034.5.wav,hiphop,hiphop
blues.00039.0.wav,blues,blues
country.00027.6.wav,country,country
reggae.00057.5.wav,reggae,reggae
pop.00097.9.wav,pop,pop
disco.00043.7.wav,disco,disco
country.00008.6.wav,country,country
jazz.00010.2.wav,jazz,jazz
rock.00055.3.wav,rock,rock
reggae.00033.6.wav,reggae,reggae
hiphop.00068.1.wav,hiphop,hiphop
country.00076.4.wav,country,country
reggae.00080.7.wav,reggae,reggae
metal.00053.4.wav,metal,metal
blues.00017.0.wav,blues,blues
reggae.00079.3.wav,reggae,reggae
metal.00092.5.wav,metal,metal
rock.00038.1.wav,rock,reggae
jazz.00053.1.wav,jazz,jazz
hiphop.00014.0.wav,hiphop,hiphop
country.00035.5.wav,country,country
reggae.00021.3.wav,reggae,reggae
pop.00038.3.wav,pop,pop
hiphop.00071.9.wav,hiphop,pop
disco.00068.8.wav,disco,disco
classical.00013.2.wav,classical,classical
metal.00078.6.wav,metal,metal
metal.00036.5.wav,metal,metal
country.00089.3.wav,country,country
pop.00022.8.wav,pop,pop
rock.00092.9.wav,rock,rock
pop.00097.7.wav,pop,pop
hiphop.00077.8.wav,hiphop,pop
blues.00022.4.wav,blues,blues
blues.00073.5.wav,blues,blues
blues.00089.8.wav,blues,blues
country.00072.2.wav,country,country
pop.00020.4.wav,pop,pop
blues.00067.1.wav,blues,blues
disco.00028.0.wav,disco,disco
pop.00007.8.wav,pop,country
classical.00087.1.wav,classical,classical
reggae.00024.4.wav,reggae,reggae
hiphop.00026.4.wav,hiphop,hiphop
hiphop.00063.2.wav,hiphop,hiphop
reggae.00073.4.wav,reggae,reggae
hiphop.00041.8.wav,hiphop,hiphop
jazz.00082.1.wav,jazz,jazz
country.00018.4.wav,country,country
blues.00003.9.wav,blues,blues
pop.00019.4.wav,pop,pop
metal.00016.9.wav,metal,metal
disco.00037.9.wav,disco,disco
disco.00088.5.wav,disco,disco
blues.00003.1.wav,blues,blues
blues.00072.2.wav,blues,blues
classical.00053.5.wav,classical,classical
reggae.00069.8.wav,reggae,reggae
reggae.00041.1.wav,reggae,reggae
country.00083.1.wav,country,country
classical.00008.2.wav,classical,classical
metal.00061.9.wav,metal,metal
blues.00041.5.wav,blues,blues
hiphop.00045.6.wav,hiphop,hiphop
disco.00086.7.wav,disco,disco
disco.00071.1.wav,disco,disco
jazz.00066.7.wav,jazz,jazz
country.00053.5.wav,country,country
pop.00074.7.wav,pop,pop
blues.00097.4.wav,blues,blues
classical.00009.8.wav,classical,classical
classical.00045.3.wav,classical,classical
reggae.00010.5.wav,reggae,reggae
metal.00070.6.wav,metal,metal
rock.00062.7.wav,rock,rock
hiphop.00023.9.wav,hiphop,hiphop
classical.00065.3.wav,classical,classical
pop.00051.4.wav,pop,pop
pop.00015.4.wav,pop,pop
metal.00061.6.wav,metal,metal
rock.00021.5.wav,rock,rock
reggae.00026.6.wav,reggae,reggae
country.00050.8.wav,country,country
country.00043.9.wav,country,country
metal.00036.1.wav,metal,metal
metal.00042.8.wav,metal,metal
rock.00034.6.wav,rock,rock
jazz.00092.9.wav,jazz,jazz
metal.00003.5.wav,metal,metal
metal.00074.1.wav,metal,metal
rock.00053.1.wav,rock,rock
reggae.00022.0.wav,reggae,reggae
disco.00064.2.wav,disco,disco
metal.00040.0.wav,metal,metal
pop.00009.2.wav,pop,pop
pop.00030.9.wav,pop,pop
country.00084.4.wav,country,country
reggae.00095.1.wav,reggae,reggae
country.00003.8.wav,country,country
blues.00041.0.wav,blues,blues
disco.00097.8.wav,disco,disco
country.00089.7.wav,country,country
disco.00068.9.wav,disco,disco
pop.00065.5.wav,pop,pop
metal.00021.2.wav,metal,metal
metal.00011.4.wav,metal,metal
reggae.00080.3.wav,reggae,reggae
jazz.00039.4.wav,jazz,reggae
country.00001.8.wav,country,country
blues.00047.6.wav,blues,blues
classical.00094.4.wav,classical,classical
classical.00006.9.wav,classical,classical
jazz.00048.1.wav,jazz,jazz
rock.00020.7.wav,rock,rock
pop.00099.3.wav,pop,pop
disco.00064.7.wav,disco,disco
country.00092.6.wav,country,country
classical.00032.8.wav,classical,classical
disco.00085.4.wav,disco,disco
jazz.00045.8.wav,jazz,jazz
jazz.00047.5.wav,jazz,jazz
blues.00083.9.wav,blues,blues
blues.00002.3.wav,blues,blues
classical.00031.2.wav,classical,classical
country.00004.6.wav,country,country
pop.00040.3.wav,pop,pop
hiphop.00091.4.wav,hiphop,hiphop
hiphop.00059.6.wav,hiphop,hiphop
metal.00082.5.wav,metal,metal
classical.00059.5.wav,classical,classical
country.00077.9.wav,country,country
hiphop.00005.1.wav,hiphop,hiphop
hiphop.00072.1.wav,hiphop,hiphop
hiphop.00035.5.wav,hiphop,hiphop
country.00056.8.wav,country,country
metal.00079.1.wav,metal,metal
pop.00052.7.wav,pop,pop
pop.00064.2.wav,pop,pop
classical.00002.9.wav,classical,classical
classical.00045.5.wav,classical,classical
country.00045.1.wav,country,country
hiphop.00038.3.wav,hiphop,hiphop
hiphop.00070.5.wav,hiphop,hiphop
pop.00071.4.wav,pop,pop
disco.00099.6.wav,disco,disco
country.00014.6.wav,country,country
rock.00071.7.wav,rock,rock
blues.00036.9.wav,blues,blues
pop.00058.3.wav,pop,pop
hiphop.00040.9.wav,hiphop,pop
country.00082.2.wav,country,country
classical.00028.3.wav,classical,classical
jazz.00044.6.wav,jazz,jazz
classical.00023.8.wav,classical,classical
pop.00097.0.wav,pop,pop
disco.00089.1.wav,disco,disco
jazz.00035.6.wav,jazz,jazz
hiphop.00066.6.wav,hiphop,hiphop
classical.00045.4.wav,classical,classical
country.00051.8.wav,country,country
jazz.00069.7.wav,jazz,jazz
country.00015.7.wav,country,country
blues.00088.3.wav,blues,blues
hiphop.00067.3.wav,hiphop,hiphop
disco.00067.3.wav,disco,disco
metal.00058.5.wav,metal,rock
classical.00054.2.wav,classical,classical
disco.00020.8.wav,disco,jazz
pop.00001.1.wav,pop,pop
classical.00082.1.wav,classical,hiphop
disco.00036.4.wav,disco,disco
pop.00059.3.wav,pop,pop
metal.00007.9.wav,metal,metal
metal.00012.9.wav,metal,metal
metal.00017.3.wav,metal,metal
rock.00067.3.wav,rock,rock
disco.00016.7.wav,disco,disco
blues.00027.7.wav,blues,blues
rock.00087.6.wav,rock,rock
classical.00083.3.wav,classical,classical
metal.00053.0.wav,metal,metal
metal.00048.7.wav,metal,metal
hiphop.00072.7.wav,hiphop,hiphop
country.00003.4.wav,country,country
reggae.00021.1.wav,reggae,metal
jazz.00067.5.wav,jazz,jazz
jazz.00012.8.wav,jazz,jazz
jazz.00067.8.wav,jazz,jazz
disco.00033.8.wav,disco,disco
disco.00047.0.wav,disco,classical
reggae.00059.0.wav,reggae,reggae
disco.00069.5.wav,disco,disco
metal.00011.5.wav,metal,metal
metal.00041.2.wav,metal,metal
reggae.00052.1.wav,reggae,reggae
hiphop.00089.9.wav,hiphop,hiphop
disco.00004.4.wav,disco,disco
classical.00056.1.wav,classical,classical
blues.00027.3.wav,blues,blues
metal.00061.8.wav,metal,metal
metal.00039.5.wav,metal,metal
blues.00013.3.wav,blues,blues
hiphop.00020.8.wav,hiphop,hiphop
blues.00001.8.wav,blues,blues
jazz.00012.0.wav,jazz,jazz
blues.00040.6.wav,blues,blues
reggae.00044.6.wav,reggae,pop
rock.00009.0.wav,rock,rock
rock.00086.2.wav,rock,metal
metal.00057.0.wav,metal,metal
hiphop.00017.2.wav,hiphop,hiphop
reggae.00003.8.wav,reggae,reggae
classical.00048.0.wav,classical,classical
metal.00017.9.wav,metal,metal
disco.00002.6.wav,disco,disco
reggae.00021.5.wav,reggae,reggae
disco.00096.6.wav,disco,disco
blues.00051.9.wav,blues,blues
classical.00061.3.wav,classical,classical
jazz.00019.9.wav,jazz,jazz
blues.00055.8.wav,blues,blues
metal.00025.2.wav,metal,metal
blues.00088.5.wav,blues,blues
rock.00063.1.wav,rock,rock
classical.00075.3.wav,classical,classical
reggae.00075.5.wav,reggae,reggae
blues.00019.6.wav,blues,blues
disco.00090.1.wav,disco,disco
hiphop.00078.3.wav,hiphop,hiphop
rock.00081.8.wav,rock,rock
hiphop.00097.3.wav,hiphop,hiphop
hiphop.00042.6.wav,hiphop,pop
blues.00077.6.wav,blues,blues
country.00045.3.wav,country,country
reggae.00073.5.wav,reggae,reggae
hiphop.00069.9.wav,hiphop,hiphop
pop.00021.5.wav,pop,pop
blues.00001.5.wav,blues,blues
country.00036.8.wav,country,country
blues.00003.2.wav,blues,blues
pop.00014.2.wav,pop,pop
disco.00084.7.wav,disco,disco
jazz.00049.3.wav,jazz,jazz
country.00028.9.wav,country,country
classical.00060.1.wav,classical,classical
reggae.00094.0.wav,reggae,reggae
reggae.00074.1.wav,reggae,reggae
blues.00053.2.wav,blues,blues
pop.00012.3.wav,pop,pop
blues.00025.7.wav,blues,blues
reggae.00083.9.wav,reggae,reggae
disco.00006.8.wav,disco,disco
country.00000.6.wav,country,country
reggae.00068.9.wav,reggae,reggae
hiphop.00064.3.wav,hiphop,hiphop
hiphop.00017.4.wav,hiphop,hiphop
jazz.00074.5.wav,jazz,jazz
reggae.00078.7.wav,reggae,reggae
hiphop.00033.2.wav,hiphop,hiphop
hiphop.00060.9.wav,hiphop,hiphop
pop.00065.1.wav,pop,disco
rock.00086.8.wav,rock,rock
classical.00098.8.wav,classical,classical
jazz.00011.7.wav,jazz,jazz
disco.00019.4.wav,disco,disco
metal.00000.4.wav,metal,metal
reggae.00026.4.wav,reggae,reggae
country.00085.1.wav,country,country
rock.00063.9.wav,rock,rock
rock.00033.7.wav,rock,reggae
blues.00040.2.wav,blues,blues
rock.00029.6.wav,rock,rock
disco.00067.0.wav,disco,disco
classical.00065.6.wav,classical,classical
hiphop.00003.9.wav,hiphop,hiphop
metal.00092.0.wav,metal,metal
hiphop.00092.5.wav,hiphop,hiphop
rock.00079.0.wav,rock,rock
classical.00041.8.wav,classical,classical
blues.00032.5.wav,blues,blues
classical.00051.5.wav,classical,classical
disco.00075.0.wav,disco,disco
pop.00037.9.wav,pop,pop
country.00098.5.wav,country,jazz
classical.00066.8.wav,classical,classical
pop.00090.3.wav,pop,pop
classical.00082.8.wav,classical,classical
hiphop.00088.2.wav,hiphop,hiphop
hiphop.00008.1.wav,hiphop,hiphop
disco.00009.5.wav,disco,disco
disco.00071.5.wav,disco,disco
blues.00013.4.wav,blues,blues
reggae.00000.4.wav,reggae,reggae
rock.00020.9.wav,rock,rock
reggae.00054.6.wav,reggae,reggae
reggae.00067.2.wav,reggae,reggae
reggae.00068.5.wav,reggae,reggae
country.00043.6.wav,country,country
country.00038.3.wav,country,country
disco.00076.0.wav,disco,disco
metal.00066.7.wav,metal,metal
classical.00076.8.wav,classical,classical
blues.00062.8.wav,blues,blues
hiphop.00038.9.wav,hiphop,hiphop
hiphop.00016.5.wav,hiphop,hiphop
country.00067.5.wav,country,reggae
reggae.00008.6.wav,reggae,reggae
metal.00048.9.wav,metal,metal
pop.00019.1.wav,pop,pop
blues.00089.3.wav,blues,blues
jazz.00014.9.wav,jazz,jazz
hiphop.00007.6.wav,hiphop,hiphop
pop.00088.4.wav,pop,pop
disco.00048.8.wav,disco,disco
disco.00007.4.wav,disco,disco
reggae.00073.8.wav,reggae,reggae
country.00067.4.wav,country,blues
reggae.00042.6.wav,reggae,reggae
jazz.00016.9.wav,jazz,jazz
classical.00020.1.wav,classical,classical
rock.00032.2.wav,rock,rock
rock.00036.9.wav,rock,country
rock.00045.8.wav,rock,rock
classical.00065.8.wav,classical,classical
blues.00062.0.wav,blues,blues
classical.00029.7.wav,classical,classical
metal.00023.2.wav,metal,metal
jazz.00096.1.wav,jazz,jazz
pop.00000.9.wav,pop,pop
blues.00072.8.wav,blues,blues
hiphop.00015.8.wav,hiphop,rock
disco.00008.8.wav,disco,disco
metal.00092.6.wav,metal,metal
disco.00032.6.wav,disco,disco
reggae.00000.1.wav,reggae,reggae
country.00093.7.wav,country,country
country.00081.0.wav,country,country
blues.00034.2.wav,blues,blues
pop.00057.7.wav,pop,pop
pop.00057.0.wav,pop,pop
metal.00054.7.wav,metal,metal
pop.00053.1.wav,pop,pop
reggae.00051.8.wav,reggae,reggae
metal.00042.0.wav,metal,metal
classical.00074.3.wav,classical,classical
blues.00014.6.wav,blues,blues
reggae.00008.5.wav,reggae,reggae
pop.00029.7.wav,pop,pop
hiphop.00001.4.wav,hiphop,hiphop
country.00098.0.wav,country,country
rock.00037.9.wav,rock,rock
blues.00014.4.wav,blues,blues
metal.00050.3.wav,metal,metal
rock.00020.2.wav,rock,rock
metal.00065.6.wav,metal,metal
rock.00041.7.wav,rock,rock
pop.00004.4.wav,pop,pop
jazz.00059.7.wav,jazz,jazz
country.00074.3.wav,country,country
classical.00024.0.wav,classical,classical
classical.00029.4.wav,classical,classical
jazz.00087.3.wav,jazz,jazz
hiphop.00026.1.wav,hiphop,pop
rock.00054.9.wav,rock,rock
reggae.00058.6.wav,reggae,reggae
disco.00037.3.wav,disco,pop
country.00040.7.wav,country,country
jazz.00000.2.wav,jazz,classical
jazz.00086.0.wav,jazz,jazz
pop.00010.0.wav,pop,pop
hiphop.00011.5.wav,hiphop,hiphop
country.00024.9.wav,country,country
hiphop.00020.2.wav,hiphop,hiphop
metal.00018.6.wav,metal,metal
country.00005.2.wav,country,country
country.00057.6.wav,country,country
rock.00011.2.wav,rock,rock
hiphop.00092.1.wav,hiphop,hiphop
disco.00086.3.wav,disco,metal
reggae.00024.2.wav,reggae,reggae
jazz.00064.7.wav,jazz,jazz
reggae.00069.7.wav,reggae,reggae
country.00003.2.wav,country,country
hiphop.00003.1.wav,hiphop,hiphop
jazz.00078.5.wav,jazz,jazz
reggae.00017.8.wav,reggae,reggae
hiphop.00063.9.wav,hiphop,hiphop
disco.00024.9.wav,disco,disco
hiphop.00048.9.wav,hiphop,hiphop
metal.00068.9.wav,metal,metal
pop.00079.2.wav,pop,pop
disco.00052.4.wav,disco,disco
disco.00041.7.wav,disco,disco
country.00041.0.wav,country,country
metal.00094.6.wav,metal,metal
reggae.00015.9.wav,reggae,reggae
pop.00073.3.wav,pop,pop
rock.00000.7.wav,rock,jazz
blues.00093.8.wav,blues,blues
disco.00022.9.wav,disco,disco
classical.00053.1.wav,classical,classical
jazz.00055.1.wav,jazz,jazz
pop.00049.9.wav,pop,pop
metal.00091.7.wav,metal,metal
disco.00045.5.wav,disco,disco
pop.00004.8.wav,pop,pop
reggae.00092.7.wav,reggae,reggae
blues.00063.5.wav,blues,blues
pop.00094.4.wav,pop,pop
disco.00018.7.wav,disco,disco
hiphop.00063.5.wav,hiphop,hiphop
jazz.00020.1.wav,jazz,jazz
disco.00078.0.wav,disco,disco
jazz.00027.6.wav,jazz,jazz
jazz.00056.0.wav,jazz,jazz
country.00093.6.wav,country,country
rock.00075.8.wav,rock,rock
disco.00099.3.wav,disco,disco
blues.00048.9.wav,blues,blues
disco.00041.6.wav,disco,disco
classical.00006.7.wav,classical,classical
rock.00075.2.wav,rock,rock
hiphop.00065.7.wav,hiphop,hiphop
reggae.00083.2.wav,reggae,classical
pop.00051.8.wav,pop,pop
jazz.00037.5.wav,jazz,jazz
reggae.00045.9.wav,reggae,reggae
blues.00077.1.wav,blues,blues
country.00083.6.wav,country,country
classical.00088.9.wav,classical,classical
metal.00008.8.wav,metal,metal
disco.00045.4.wav,disco,disco
country.00069.1.wav,country,blues
reggae.00088.6.wav,reggae,reggae
pop.00028.1.wav,pop,pop
pop.00011.2.wav,pop,pop
jazz.00090.1.wav,jazz,jazz
metal.00002.2.wav,metal,metal
classical.00057.9.wav,classical,classical
country.00052.5.wav,country,country
hiphop.00014.2.wav,hiphop,country
country.00010.8.wav,country,country
rock.00049.6.wav,rock,rock
country.00065.7.wav,country,country
metal.00043.6.wav,metal,metal
hiphop.00066.4.wav,hiphop,hiphop
rock.00020.0.wav,rock,rock
pop.00014.1.wav,pop,pop
rock.00036.5.wav,rock,rock
jazz.00028.4.wav,jazz,jazz
metal.00009.3.wav,metal,metal
jazz.00004.3.wav,jazz,jazz
hiphop.00083.2.wav,hiphop,hiphop
hiphop.00086.9.wav,hiphop,hiphop
jazz.00061.5.wav,jazz,jazz
disco.00080.6.wav,disco,disco
pop.00092.7.wav,pop,pop
classical.00028.6.wav,classical,classical
blues.00058.7.wav,blues,blues
classical.00013.9.wav,classical,classical
classical.00053.8.wav,classical,classical
pop.00034.4.wav,pop,pop
reggae.00094.4.wav,reggae,reggae
metal.00034.6.wav,metal,metal
rock.00071.1.wav,rock,rock
metal.00002.8.wav,metal,metal
reggae.00082.9.wav,reggae,reggae
metal.00006.2.wav,metal,metal
jazz.00057.8.wav,jazz,jazz
metal.00075.5.wav,metal,metal
disco.00083.7.wav,disco,reggae
rock.00055.9.wav,rock,rock
reggae.00012.7.wav,reggae,reggae
hiphop.00028.8.wav,hiphop,reggae
disco.00013.0.wav,disco,pop
metal.00085.4.wav,metal,metal
pop.00081.3.wav,pop,pop
reggae.00017.2.wav,reggae,reggae
pop.00094.5.wav,pop,pop
hiphop.00090.9.wav,hiphop,hiphop
reggae.00014.4.wav,reggae,reggae
jazz.00065.4.wav,jazz,reggae
jazz.00063.2.wav,jazz,jazz
disco.00078.2.wav,disco,disco
metal.00084.4.wav,metal,metal
classical.00059.7.wav,classical,classical
hiphop.00007.0.wav,hiphop,hiphop
pop.00094.8.wav,pop,pop
reggae.00007.7.wav,reggae,reggae
rock.00014.6.wav,rock,reggae
jazz.00001.4.wav,jazz,classical
rock.00018.8.wav,rock,hiphop
reggae.00006.0.wav,reggae,reggae
rock.00071.3.wav,rock,rock
hiphop.00071.4.wav,hiphop,hiphop
rock.00076.8.wav,rock,rock
blues.00039.6.wav,blues,blues
reggae.00092.6.wav,reggae,reggae
classical.00066.4.wav,classical,classical
blues.00050.8.wav,blues,blues
classical.00085.4.wav,classical,classical
classical.00059.9.wav,classical,classical
pop.00082.6.wav,pop,pop
hiphop.00070.4.wav,hiphop,hiphop
country.00069.8.wav,country,country
reggae.00018.8.wav,reggae,reggae
disco.00072.5.wav,disco,disco
pop.00045.7.wav,pop,pop
metal.00027.8.wav,metal,metal
disco.00015.7.wav,disco,disco
reggae.00006.7.wav,reggae,reggae
rock.00074.0.wav,rock,rock
disco.00085.6.wav,disco,disco
pop.00045.4.wav,pop,pop
rock.00095.7.wav,rock,rock
rock.00002.3.wav,rock,rock
jazz.00090.2.wav,jazz,jazz
blues.00023.7.wav,blues,blues
pop.00086.4.wav,pop,pop
rock.00068.9.wav,rock,metal
metal.00015.1.wav,metal,metal
blues.00003.8.wav,blues,country
metal.00067.3.wav,metal,metal
country.00009.7.wav,country,country
hiphop.00092.0.wav,hiphop,hiphop
metal.00043.1.wav,metal,metal
metal.00079.0.wav,metal,metal
classical.00093.3.wav,classical,classical
classical.00038.2.wav,classical,classical
disco.00095.9.wav,disco,hiphop
blues.00031.3.wav,blues,blues
country.00005.8.wav,country,country
disco.00021.8.wav,disco,disco
metal.00017.8.wav,metal,metal
metal.00081.6.wav,metal,metal
blues.00085.2.wav,blues,blues
pop.00065.3.wav,pop,pop
hiphop.00043.6.wav,hiphop,hiphop
classical.00040.2.wav,classical,classical
hiphop.00056.6.wav,hiphop,hiphop
classical.00053.6.wav,classical,classical
country.00016.7.wav,country,country
metal.00053.2.wav,metal,metal
reggae.00068.1.wav,reggae,reggae
hiphop.00007.2.wav,hiphop,hiphop
country.00099.9.wav,country,country
reggae.00047.6.wav,reggae,reggae
metal.00011.2.wav,metal,metal
country.00003.5.wav,country,country
blues.00042.2.wav,blues,blues
rock.00041.0.wav,rock,rock
country.00061.1.wav,country,country
jazz.00021.5.wav,jazz,jazz
hiphop.00034.9.wav,hiphop,pop
hiphop.00078.1.wav,hiphop,hiphop
blues.00076.0.wav,blues,blues
hiphop.00096.3.wav,hiphop,hiphop
jazz.00095.8.wav,jazz,jazz
reggae.00083.6.wav,reggae,reggae
classical.00064.7.wav,classical,classical
pop.00059.0.wav,pop,pop
blues.00023.3.wav,blues,blues
blues.00050.9.wav,blues,blues
hiphop.00068.2.wav,hiphop,hiphop
classical.00013.6.wav,classical,classical
hiphop.00064.7.wav,hiphop,hiphop
blues.00018.8.wav,blues,blues
hiphop.00003.0.wav,hiphop,hiphop
jazz.00048.4.wav,jazz,jazz
hiphop.00097.7.wav,hiphop,hiphop
metal.00055.1.wav,metal,metal
classical.00035.8.wav,classical,classical
country.00032.0.wav,country,rock
classical.00042.7.wav,classical,classical
jazz.00093.1.wav,jazz,jazz
metal.00099.4.wav,metal,metal
pop.00039.7.wav,pop,pop
pop.00005.7.wav,pop,pop
metal.00063.8.wav,metal,metal
blues.00005.0.wav,blues,blues
hiphop.00039.2.wav,hiphop,hiphop
rock.00030.0.wav,rock,country
pop.00079.3.wav,pop,pop
disco.00026.8.wav,disco,disco
jazz.00085.8.wav,jazz,jazz
hiphop.00088.9.wav,hiphop,hiphop
metal.00095.2.wav,metal,metal
pop.00006.5.wav,pop,pop
reggae.00047.8.wav,reggae,reggae
rock.00039.5.wav,rock,rock
jazz.00096.9.wav,jazz,jazz
country.00038.1.wav,country,country
jazz.00081.4.wav,jazz,jazz
country.00000.8.wav,country,country
hiphop.00051.1.wav,hiphop,hiphop
disco.00003.7.wav,disco,disco
classical.00016.3.wav,classical,classical
disco.00064.3.wav,disco,disco
classical.00005.1.wav,classical,classical
metal.00080.4.wav,metal,metal
classical.00083.7.wav,classical,classical
reggae.00037.9.wav,reggae,hiphop
jazz.00047.2.wav,jazz,jazz
classical.00012.4.wav,classical,classical
jazz.00051.3.wav,jazz,jazz
reggae.00055.2.wav,reggae,reggae
rock.00068.8.wav,rock,rock
metal.00023.5.wav,metal,metal
blues.00087.8.wav,blues,blues
jazz.00017.5.wav,jazz,jazz
reggae.00022.7.wav,reggae,reggae
disco.00098.7.wav,disco,disco
rock.00003.8.wav,rock,rock
classical.00051.0.wav,classical,classical
hiphop.00044.7.wav,hiphop,hiphop
reggae.00063.6.wav,reggae,reggae
country.00085.4.wav,country,country
pop.00054.4.wav,pop,pop
blues.00014.3.wav,blues,blues
country.00064.8.wav,country,country
reggae.00017.6.wav,reggae,reggae
pop.00039.4.wav,pop,pop
classical.00028.2.wav,classical,classical
reggae.00071.9.wav,reggae,reggae
classical.00084.7.wav,classical,classical
jazz.00090.5.wav,jazz,jazz
rock.00075.9.wav,rock,rock
pop.00008.7.wav,pop,pop
classical.00028.5.wav,classical,classical
hiphop.00068.5.wav,hiphop,hiphop
metal.00086.4.wav,metal,metal
hiphop.00055.7.wav,hiphop,hiphop
blues.00038.0.wav,blues,blues
blues.00038.4.wav,blues,blues
disco.00044.9.wav,disco,disco
reggae.00086.0.wav,reggae,reggae
reggae.00096.1.wav,reggae,reggae
reggae.00040.6.wav,reggae,reggae
disco.00094.8.wav,disco,disco
disco.00022.0.wav,disco,disco
rock.00087.5.wav,rock,rock
country.00087.4.wav,country,country
metal.00075.4.wav,metal,metal
country.00027.7.wav,country,country
hiphop.00001.0.wav,hiphop,hiphop
metal.00078.3.wav,metal,metal
jazz.00079.2.wav,jazz,jazz
blues.00017.4.wav,blues,blues
country.00064.4.wav,country,country
hiphop.00039.8.wav,hiphop,pop
metal.00014.7.wav,metal,metal
reggae.00044.8.wav,reggae,reggae
blues.00034.3.wav,blues,blues
metal.00089.9.wav,metal,metal
country.00079.1.wav,country,country
rock.00085.0.wav,rock,blues
jazz.00044.7.wav,jazz,jazz
pop.00025.2.wav,pop,pop
classical.00067.1.wav,classical,classical
blues.00039.7.wav,blues,blues
country.00092.2.wav,country,country
pop.00043.2.wav,pop,pop
blues.00022.0.wav,blues,blues
rock.00059.6.wav,rock,rock
hiphop.00064.5.wav,hiphop,hiphop
reggae.00084.1.wav,reggae,reggae
metal.00002.4.wav,metal,metal
reggae.00085.6.wav,reggae,reggae
pop.00096.7.wav,pop,pop
metal.00085.3.wav,metal,metal
reggae.00039.2.wav,reggae,reggae
rock.00072.8.wav,rock,rock
hiphop.00039.0.wav,hiphop,hiphop
country.00060.9.wav,country,country
pop.00042.0.wav,pop,pop
jazz.00029.3.wav,jazz,jazz
country.00010.2.wav,country,country
pop.00015.2.wav,pop,pop
country.00000.9.wav,country,country
classical.00028.1.wav,classical,classical
rock.00001.1.wav,rock,rock
reggae.00018.4.wav,reggae,reggae
rock.00045.4.wav,rock,rock
country.00075.1.wav,country,country
reggae.00034.7.wav,reggae,reggae
reggae.00024.9.wav,reggae,reggae
disco.00065.6.wav,disco,disco
hiphop.00071.7.wav,hiphop,hiphop
reggae.00080.4.wav,reggae,reggae
jazz.00079.0.wav,jazz,jazz
rock.00073.0.wav,rock,rock
classical.00025.7.wav,classical,classical
disco.00032.4.wav,disco,disco
country.00006.3.wav,country,country
hiphop.00043.3.wav,hiphop,hiphop
disco.00043.9.wav,disco,disco
country.00019.4.wav,country,country
pop.00030.0.wav,pop,pop
classical.00088.6.wav,classical,classical
reggae.00055.3.wav,reggae,reggae
blues.00028.9.wav,blues,blues
classical.00058.7.wav,classical,classical
disco.00055.1.wav,disco,disco
country.00058.9.wav,country,country
rock.00050.7.wav,rock,rock
pop.00072.0.wav,pop,pop
classical.00016.6.wav,classical,classical
reggae.00092.5.wav,reggae,reggae
hiphop.00032.7.wav,hiphop,hiphop
disco.00035.4.wav,disco,disco
metal.00072.2.wav,metal,metal
disco.00028.3.wav,disco,disco
hiphop.00024.6.wav,hiphop,hiphop
rock.00044.1.wav,rock,rock
country.00040.3.wav,country,country
disco.00056.3.wav,disco,disco
rock.00044.3.wav,rock,reggae
classical.00033.4.wav,classical,classical
country.00092.1.wav,country,country
pop.00097.5.wav,pop,pop
hiphop.00014.8.wav,hiphop,metal
rock.00002.4.wav,rock,rock
disco.00007.8.wav,disco,disco
disco.00005.1.wav,disco,disco
blues.00062.7.wav,blues,blues
hiphop.00022.8.wav,hiphop,hiphop
metal.00088.5.wav,metal,metal
country.00029.3.wav,country,country
pop.00050.0.wav,pop,pop
metal.00095.1.wav,metal,metal
rock.00088.8.wav,rock,rock
metal.00068.8.wav,metal,metal
blues.00083.1.wav,blues,blues
blues.00030.4.wav,blues,blues
rock.00037.2.wav,rock,rock
pop.00087.2.wav,pop,pop
reggae.00027.0.wav,reggae,reggae
blues.00028.1.wav,blues,blues
reggae.00020.1.wav,reggae,reggae
reggae.00028.6.wav,reggae,reggae
metal.00011.9.wav,metal,metal
reggae.00040.7.wav,reggae,reggae
country.00038.0.wav,country,country
country.00073.5.wav,country,country
disco.00092.2.wav,disco,disco
pop.00057.9.wav,pop,pop
reggae.00084.7.wav,reggae,reggae
jazz.00016.6.wav,jazz,jazz
blues.00089.5.wav,blues,blues
hiphop.00095.3.wav,hiphop,hiphop
blues.00077.2.wav,blues,blues
reggae.00030.6.wav,reggae,reggae
classical.00033.2.wav,classical,classical
disco.00062.4.wav,disco,disco
rock.00058.3.wav,rock,rock
hiphop.00010.7.wav,hiphop,hiphop
reggae.00047.4.wav,reggae,reggae
jazz.00077.5.wav,jazz,jazz
pop.00000.5.wav,pop,pop
classical.00045.6.wav,classical,classical
jazz.00071.4.wav,jazz,jazz
pop.00072.8.wav,pop,pop
pop.00080.3.wav,pop,pop
country.00080.1.wav,country,country
blues.00031.7.wav,blues,blues
hiphop.00040.6.wav,hiphop,hiphop
reggae.00060.2.wav,reggae,reggae
metal.00045.1.wav,metal,metal
classical.00027.5.wav,classical,classical
reggae.00014.3.wav,reggae,reggae
metal.00076.3.wav,metal,metal
hiphop.00096.2.wav,hiphop,hiphop
country.00050.4.wav,country,country
country.00009.2.wav,country,country
disco.00070.2.wav,disco,disco
jazz.00043.4.wav,jazz,jazz
classical.00057.2.wav,classical,classical
classical.00006.5.wav,classical,classical
jazz.00042.7.wav,jazz,jazz
rock.00018.6.wav,rock,rock
metal.00099.0.wav,metal,metal
classical.00042.5.wav,classical,classical
country.00036.4.wav,country,country
reggae.00042.1.wav,reggae,reggae
hiphop.00063.4.wav,hiphop,hiphop
reggae.00037.6.wav,reggae,reggae
reggae.00049.3.wav,reggae,reggae
country.00071.2.wav,country,country
metal.00081.0.wav,metal,metal
classical.00018.9.wav,classical,classical
reggae.00042.7.wav,reggae,reggae
blues.00038.8.wav,blues,blues
country.00077.3.wav,country,country
metal.00083.3.wav,metal,metal
disco.00046.5.wav,disco,disco
disco.00066.0.wav,disco,disco
metal.00026.7.wav,metal,metal
rock.00035.0.wav,rock,rock
country.00087.7.wav,country,country
metal.00098.6.wav,metal,metal
rock.00047.0.wav,rock,pop
reggae.00098.2.wav,reggae,reggae
pop.00076.1.wav,pop,pop
blues.00010.3.wav,blues,blues
classical.00021.8.wav,classical,classical
rock.00073.6.wav,rock,rock
jazz.00006.9.wav,jazz,jazz
classical.00087.4.wav,classical,classical
country.00005.3.wav,country,country
jazz.00066.2.wav,jazz,jazz
reggae.00023.6.wav,reggae,reggae
reggae.00041.9.wav,reggae,reggae
pop.00087.1.wav,pop,pop
jazz.00031.4.wav,jazz,jazz
classical.00059.6.wav,classical,classical
hiphop.00066.2.wav,hiphop,hiphop
disco.00024.6.wav,disco,disco
country.00075.2.wav,country,country
blues.00015.8.wav,blues,blues
hiphop.00016.6.wav,hiphop,hiphop
metal.00015.4.wav,metal,metal
disco.00015.8.wav,disco,disco
jazz.00020.9.wav,jazz,jazz
jazz.00052.7.wav,jazz,jazz
jazz.00098.4.wav,jazz,jazz
classical.00076.7.wav,classical,classical
jazz.00083.0.wav,jazz,jazz
hiphop.00081.5.wav,hiphop,hiphop
jazz.00057.2.wav,jazz,jazz
jazz.00036.7.wav,jazz,jazz
rock.00037.1.wav,rock,rock
hiphop.00006.6.wav,hiphop,hiphop
pop.00044.5.wav,pop,pop
rock.00096.7.wav,rock,rock
metal.00098.3.wav,metal,metal
hiphop.00071.5.wav,hiphop,hiphop
jazz.00008.4.wav,jazz,jazz
jazz.00047.0.wav,jazz,jazz
jazz.00051.4.wav,jazz,jazz
metal.00095.0.wav,metal,metal
reggae.00003.1.wav,reggae,reggae
country.00095.1.wav,country,country
blues.00074.7.wav,blues,blues
blues.00080.2.wav,blues,blues
classical.00018.0.wav,classical,classical
country.00093.4.wav,country,jazz
disco.00084.8.wav,disco,disco
disco.00075.9.wav,disco,disco
disco.00042.6.wav,disco,disco
classical.00017.0.wav,classical,classical
hiphop.00032.6.wav,hiphop,hiphop
rock.00095.9.wav,rock,rock
rock.00024.2.wav,rock,rock
metal.00031.1.wav,metal,metal
classical.00064.5.wav,classical,classical
classical.00043.7.wav,classical,classical
rock.00061.6.wav,rock,rock
blues.00056.1.wav,blues,blues
country.00017.2.wav,country,country
disco.00020.0.wav,disco,jazz
country.00001.1.wav,country,country
classical.00082.6.wav,classical,classical
rock.00024.9.wav,rock,rock
pop.00041.0.wav,pop,pop
jazz.00014.3.wav,jazz,jazz
classical.00076.3.wav,classical,classical
disco.00008.4.wav,disco,disco
country.00048.1.wav,country,country
pop.00023.0.wav,pop,pop
jazz.00037.4.wav,jazz,jazz
pop.00098.1.wav,pop,pop
reggae.00075.4.wav,reggae,reggae
pop.00040.2.wav,pop,pop
rock.00084.3.wav,rock,rock
blues.00037.9.wav,blues,blues
metal.00037.9.wav,metal,metal
hiphop.00090.0.wav,hiphop,hiphop
pop.00013.1.wav,pop,pop
blues.00012.2.wav,blues,blues
country.00075.9.wav,country,blues
metal.00027.1.wav,metal,metal
reggae.00011.2.wav,reggae,reggae
metal.00085.9.wav,metal,metal
rock.00005.3.wav,rock,rock
blues.00052.6.wav,blues,blues
reggae.00096.3.wav,reggae,reggae
pop.00066.2.wav,pop,pop
reggae.00052.0.wav,reggae,pop
jazz.00098.7.wav,jazz,jazz
pop.00084.7.wav,pop,pop
country.00080.2.wav,country,country
disco.00043.5.wav,disco,disco
pop.00084.8.wav,pop,pop
country.00040.0.wav,country,country
hiphop.00014.1.wav,hiphop,hiphop
jazz.00059.9.wav,jazz,jazz
metal.00070.4.wav,metal,metal
pop.00047.2.wav,pop,pop
country.00017.3.wav,country,country
pop.00042.7.wav,pop,pop
rock.00023.2.wav,rock,rock
country.00063.6.wav,country,reggae
country.00098.9.wav,country,country
country.00013.9.wav,country,country
country.00038.4.wav,country,country
hiphop.00035.6.wav,hiphop,hiphop
country.00014.2.wav,country,country
disco.00044.3.wav,disco,disco
disco.00017.8.wav,disco,disco
rock.00003.2.wav,rock,blues
pop.00006.7.wav,pop,pop
blues.00018.7.wav,blues,jazz
jazz.00073.2.wav,jazz,jazz
blues.00018.5.wav,blues,jazz
hiphop.00058.8.wav,hiphop,hiphop
disco.00072.2.wav,disco,disco
jazz.00009.8.wav,jazz,jazz
metal.00074.7.wav,metal,metal
jazz.00091.9.wav,jazz,hiphop
classical.00073.5.wav,classical,classical
metal.00050.7.wav,metal,metal
metal.00073.4.wav,metal,metal
hiphop.00056.4.wav,hiphop,hiphop
classical.00098.0.wav,classical,classical
pop.00010.5.wav,pop,pop
country.00069.0.wav,country,jazz
rock.00048.1.wav,rock,rock
metal.00037.4.wav,metal,metal
disco.00036.5.wav,disco,disco
pop.00029.5.wav,pop,pop
jazz.00076.6.wav,jazz,jazz
jazz.00075.5.wav,jazz,jazz
metal.00041.9.wav,metal,metal
rock.00040.2.wav,rock,rock
reggae.00062.2.wav,reggae,reggae
pop.00038.0.wav,pop,pop
country.00078.7.wav,country,country
country.00074.5.wav,country,country
hiphop.00059.7.wav,hiphop,hiphop
country.00058.2.wav,country,country
hiphop.00023.4.wav,hiphop,hiphop
country.00055.5.wav,country,country
rock.00052.7.wav,rock,rock
classical.00077.0.wav,classical,classical
blues.00009.8.wav,blues,blues
classical.00089.5.wav,classical,classical
reggae.00037.5.wav,reggae,reggae
classical.00086.3.wav,classical,classical
country.00040.2.wav,country,country
classical.00079.3.wav,classical,classical
pop.00023.7.wav,pop,pop
metal.00031.6.wav,metal,metal
pop.00045.0.wav,pop,pop
reggae.00040.8.wav,reggae,hiphop
blues.00037.6.wav,blues,blues
rock.00046.2.wav,rock,jazz
metal.00006.0.wav,metal,metal
disco.00016.2.wav,disco,disco
country.00054.8.wav,country,country
jazz.00042.3.wav,jazz,jazz
metal.00013.7.wav,metal,metal
pop.00031.8.wav,pop,pop
disco.00003.5.wav,disco,disco
classical.00081.5.wav,classical,classical
reggae.00078.1.wav,reggae,reggae
jazz.00062.3.wav,jazz,jazz
hiphop.00081.3.wav,hiphop,hiphop
disco.00074.1.wav,disco,disco
classical.00015.1.wav,classical,classical
metal.00007.3.wav,metal,metal
disco.00048.0.wav,disco,metal
jazz.00085.3.wav,jazz,jazz
hiphop.00010.6.wav,hiphop,hiphop
classical.00079.9.wav,classical,classical
classical.00002.2.wav,classical,classical
country.00075.4.wav,country,country
hiphop.00096.7.wav,hiphop,hiphop
reggae.00087.7.wav,reggae,reggae
rock.00094.9.wav,rock,rock
jazz.00041.4.wav,jazz,jazz
metal.00046.4.wav,metal,metal
blues.00098.7.wav,blues,blues
reggae.00013.5.wav,reggae,reggae
classical.00098.6.wav,classical,classical
country.00018.0.wav,country,country
blues.00082.5.wav,blues,blues
reggae.00050.5.wav,reggae,reggae
reggae.00029.2.wav,reggae,reggae
classical.00027.8.wav,classical,classical
reggae.00084.4.wav,reggae,reggae
pop.00081.9.wav,pop,country
rock.00099.1.wav,rock,rock
hiphop.00067.1.wav,hiphop,hiphop
classical.00021.3.wav,classical,classical
rock.00098.0.wav,rock,rock
metal.00069.9.wav,metal,metal
rock.00086.6.wav,rock,rock
pop.00017.7.wav,pop,pop
metal.00048.6.wav,metal,metal
classical.00035.3.wav,classical,classical
hiphop.00071.8.wav,hiphop,hiphop
disco.00015.4.wav,disco,disco
disco.00004.8.wav,disco,disco
rock.00070.3.wav,rock,rock
classical.00071.6.wav,classical,classical
jazz.00003.0.wav,jazz,jazz
hiphop.00058.4.wav,hiphop,hiphop
reggae.00041.8.wav,reggae,country
reggae.00049.4.wav,reggae,jazz
blues.00039.4.wav,blues,blues
rock.00008.4.wav,rock,rock
blues.00086.7.wav,blues,blues
pop.00059.2.wav,pop,pop
hiphop.00013.3.wav,hiphop,hiphop
disco.00077.2.wav,disco,rock
metal.00011.3.wav,metal,metal
pop.00075.7.wav,pop,pop
blues.00014.7.wav,blues,blues
jazz.00088.5.wav,jazz,jazz
metal.00094.1.wav,metal,metal
disco.00076.7.wav,disco,disco
metal.00038.3.wav,metal,metal
reggae.00008.7.wav,reggae,country
disco.00025.9.wav,disco,pop
classical.00000.2.wav,classical,classical
country.00009.5.wav,country,country
blues.00046.0.wav,blues,blues
classical.00011.6.wav,classical,classical
jazz.00015.1.wav,jazz,jazz
pop.00087.4.wav,pop,pop
reggae.00039.9.wav,reggae,reggae
metal.00036.6.wav,metal,metal
country.00081.8.wav,country,country
metal.00082.1.wav,metal,metal
pop.00055.0.wav,pop,pop
jazz.00037.3.wav,jazz,jazz
metal.00020.1.wav,metal,metal
rock.00001.2.wav,rock,metal
country.00016.9.wav,country,country
reggae.00010.3.wav,reggae,reggae
pop.00069.2.wav,pop,pop
reggae.00071.2.wav,reggae,reggae
jazz.00010.1.wav,jazz,jazz
hiphop.00084.0.wav,hiphop,hiphop
reggae.00050.6.wav,reggae,reggae
rock.00033.4.wav,rock,rock
hiphop.00004.0.wav,hiphop,hiphop
hiphop.00002.2.wav,hiphop,hiphop
metal.00053.6.wav,metal,metal
pop.00032.0.wav,pop,pop
jazz.00059.5.wav,jazz,jazz
hiphop.00062.1.wav,hiphop,hiphop
blues.00086.4.wav,blues,reggae
jazz.00057.0.wav,jazz,jazz
pop.00008.4.wav,pop,pop
disco.00050.3.wav,disco,disco
jazz.00042.9.wav,jazz,jazz
blues.00039.3.wav,blues,blues
hiphop.00018.4.wav,hiphop,hiphop
rock.00039.3.wav,rock,rock
country.00023.2.wav,country,country
disco.00068.5.wav,disco,disco
classical.00098.7.wav,classical,classical
reggae.00059.3.wav,reggae,reggae
country.00018.8.wav,country,country
pop.00098.2.wav,pop,pop
disco.00066.9.wav,disco,disco
hiphop.00062.5.wav,hiphop,hiphop
classical.00071.7.wav,classical,classical
metal.00064.3.wav,metal,metal
country.00065.3.wav,country,country
rock.00036.7.wav,rock,rock
metal.00088.9.wav,metal,metal
country.00003.3.wav,country,country
metal.00058.3.wav,metal,rock
jazz.00035.2.wav,jazz,jazz
classical.00006.0.wav,classical,classical
pop.00073.2.wav,pop,pop
classical.00091.4.wav,classical,classical
reggae.00081.9.wav,reggae,reggae
metal.00051.0.wav,metal,metal
country.00093.5.wav,country,country
metal.00083.1.wav,metal,metal
jazz.00065.1.wav,jazz,jazz
blues.00063.4.wav,blues,blues
rock.00069.7.wav,rock,rock
classical.00064.0.wav,classical,classical
rock.00065.4.wav,rock,rock
reggae.00090.0.wav,reggae,reggae
reggae.00043.1.wav,reggae,reggae
country.00012.4.wav,country,country
blues.00045.1.wav,blues,blues
classical.00012.3.wav,classical,classical
country.00003.1.wav,country,country
jazz.00082.3.wav,jazz,jazz
classical.00099.9.wav,classical,classical
jazz.00071.0.wav,jazz,jazz
country.00002.3.wav,country,country
hiphop.00080.6.wav,hiphop,hiphop
classical.00057.3.wav,classical,country
classical.00022.3.wav,classical,classical
blues.00054.4.wav,blues,blues
blues.00064.3.wav,blues,blues
metal.00033.0.wav,metal,metal
hiphop.00007.5.wav,hiphop,hiphop
classical.00069.2.wav,classical,classical
pop.00059.4.wav,pop,pop
blues.00086.6.wav,blues,blues
country.00031.0.wav,country,country
reggae.00046.1.wav,reggae,reggae
pop.00050.3.wav,pop,pop
blues.00078.7.wav,blues,blues
hiphop.00041.0.wav,hiphop,hiphop
country.00018.3.wav,country,country
country.00071.4.wav,country,country
country.00066.9.wav,country,blues
country.00096.3.wav,country,country
hiphop.00086.0.wav,hiphop,hiphop
metal.00091.1.wav,metal,metal
hiphop.00084.1.wav,hiphop,hiphop
jazz.00023.6.wav,jazz,jazz
rock.00094.7.wav,rock,rock
reggae.00016.2.wav,reggae,reggae
disco.00077.7.wav,disco,blues
jazz.00092.5.wav,jazz,jazz
disco.00075.8.wav,disco,rock
rock.00005.2.wav,rock,country
classical.00087.0.wav,classical,classical
metal.00088.7.wav,metal,metal
hiphop.00024.2.wav,hiphop,hiphop
country.00027.2.wav,country,country
country.00095.3.wav,country,country
jazz.00072.4.wav,jazz,jazz
pop.00082.4.wav,pop,pop
hiphop.00088.0.wav,hiphop,hiphop
country.00080.4.wav,country,country
jazz.00043.1.wav,jazz,jazz
country.00012.3.wav,country,country
jazz.00022.6.wav,jazz,jazz
rock.00083.1.wav,rock,rock
blues.00082.1.wav,blues,blues
country.00026.8.wav,country,reggae
jazz.00092.4.wav,jazz,jazz
classical.00011.8.wav,classical,classical
country.00040.5.wav,country,country
pop.00075.1.wav,pop,pop
disco.00087.0.wav,disco,disco
hiphop.00054.0.wav,hiphop,hiphop
country.00039.5.wav,country,country
disco.00079.6.wav,disco,disco
classical.00071.2.wav,classical,classical
pop.00062.7.wav,pop,pop
classical.00025.5.wav,classical,classical
metal.00055.9.wav,metal,metal
jazz.00021.2.wav,jazz,jazz
jazz.00056.9.wav,jazz,jazz
country.00025.7.wav,country,country
classical.00071.4.wav,classical,classical
jazz.00040.5.wav,jazz,jazz
disco.00088.9.wav,disco,disco
classical.00058.0.wav,classical,classical
hiphop.00094.6.wav,hiphop,hiphop
disco.00047.9.wav,disco,classical
pop.00013.4.wav,pop,pop
jazz.00087.5.wav,jazz,jazz
pop.00027.9.wav,pop,pop
country.00046.3.wav,country,country
classical.00062.6.wav,classical,classical
country.00063.7.wav,country,country
pop.00057.2.wav,pop,pop
rock.00094.6.wav,rock,rock
jazz.00066.6.wav,jazz,jazz
metal.00018.2.wav,metal,metal
pop.00056.3.wav,pop,pop
country.00076.6.wav,country,country
classical.00077.6.wav,classical,classical
classical.00003.7.wav,classical,classical
country.00008.1.wav,country,country
hiphop.00014.7.wav,hiphop,hiphop
country.00074.0.wav,country,country
jazz.00098.5.wav,jazz,jazz
metal.00009.1.wav,metal,metal
reggae.00082.1.wav,reggae,reggae
