,filename,genero,prediccion
9,blues.00000.9.wav,blues,blues
15,blues.00001.5.wav,blues,blues
18,blues.00001.8.wav,blues,blues
20,blues.00002.0.wav,blues,blues
22,blues.00002.2.wav,blues,blues
23,blues.00002.3.wav,blues,country
31,blues.00003.1.wav,blues,blues
32,blues.00003.2.wav,blues,blues
33,blues.00003.3.wav,blues,blues
36,blues.00003.6.wav,blues,blues
38,blues.00003.8.wav,blues,blues
39,blues.00003.9.wav,blues,blues
42,blues.00004.2.wav,blues,blues
44,blues.00004.4.wav,blues,blues
48,blues.00004.8.wav,blues,blues
49,blues.00004.9.wav,blues,blues
50,blues.00005.0.wav,blues,blues
72,blues.00007.2.wav,blues,blues
98,blues.00009.8.wav,blues,blues
103,blues.00010.3.wav,blues,blues
119,blues.00011.9.wav,blues,blues
121,blues.00012.1.wav,blues,blues
122,blues.00012.2.wav,blues,blues
125,blues.00012.5.wav,blues,blues
133,blues.00013.3.wav,blues,blues
134,blues.00013.4.wav,blues,blues
140,blues.00014.0.wav,blues,blues
143,blues.00014.3.wav,blues,blues
144,blues.00014.4.wav,blues,blues
146,blues.00014.6.wav,blues,blues
147,blues.00014.7.wav,blues,blues
150,blues.00015.0.wav,blues,blues
151,blues.00015.1.wav,blues,blues
152,blues.00015.2.wav,blues,blues
154,blues.00015.4.wav,blues,blues
155,blues.00015.5.wav,blues,blues
156,blues.00015.6.wav,blues,blues
158,blues.00015.8.wav,blues,blues
159,blues.00015.9.wav,blues,blues
162,blues.00016.2.wav,blues,blues
167,blues.00016.7.wav,blues,blues
170,blues.00017.0.wav,blues,blues
172,blues.00017.2.wav,blues,blues
174,blues.00017.4.wav,blues,blues
176,blues.00017.6.wav,blues,blues
181,blues.00018.1.wav,blues,blues
185,blues.00018.5.wav,blues,blues
187,blues.00018.7.wav,blues,jazz
188,blues.00018.8.wav,blues,blues
189,blues.00018.9.wav,blues,blues
190,blues.00019.0.wav,blues,blues
196,blues.00019.6.wav,blues,blues
201,blues.00020.1.wav,blues,blues
212,blues.00021.2.wav,blues,blues
220,blues.00022.0.wav,blues,blues
221,blues.00022.1.wav,blues,blues
224,blues.00022.4.wav,blues,blues
226,blues.00022.6.wav,blues,blues
229,blues.00022.9.wav,blues,blues
230,blues.00023.0.wav,blues,blues
233,blues.00023.3.wav,blues,blues
234,blues.00023.4.wav,blues,blues
237,blues.00023.7.wav,blues,blues
242,blues.00024.2.wav,blues,blues
244,blues.00024.4.wav,blues,blues
247,blues.00024.7.wav,blues,blues
253,blues.00025.3.wav,blues,blues
256,blues.00025.6.wav,blues,blues
257,blues.00025.7.wav,blues,blues
265,blues.00026.5.wav,blues,blues
272,blues.00027.2.wav,blues,blues
273,blues.00027.3.wav,blues,blues
274,blues.00027.4.wav,blues,blues
276,blues.00027.6.wav,blues,blues
277,blues.00027.7.wav,blues,blues
281,blues.00028.1.wav,blues,blues
283,blues.00028.3.wav,blues,blues
286,blues.00028.6.wav,blues,blues
289,blues.00028.9.wav,blues,blues
294,blues.00029.4.wav,blues,blues
296,blues.00029.6.wav,blues,blues
304,blues.00030.4.wav,blues,blues
313,blues.00031.3.wav,blues,blues
317,blues.00031.7.wav,blues,blues
318,blues.00031.8.wav,blues,blues
320,blues.00032.0.wav,blues,blues
321,blues.00032.1.wav,blues,blues
325,blues.00032.5.wav,blues,blues
326,blues.00032.6.wav,blues,blues
334,blues.00033.4.wav,blues,blues
342,blues.00034.2.wav,blues,blues
343,blues.00034.3.wav,blues,blues
356,blues.00035.6.wav,blues,blues
369,blues.00036.9.wav,blues,blues
376,blues.00037.6.wav,blues,blues
377,blues.00037.7.wav,blues,blues
379,blues.00037.9.wav,blues,blues
380,blues.00038.0.wav,blues,blues
382,blues.00038.2.wav,blues,blues
384,blues.00038.4.wav,blues,blues
388,blues.00038.8.wav,blues,blues
390,blues.00039.0.wav,blues,blues
393,blues.00039.3.wav,blues,blues
394,blues.00039.4.wav,blues,blues
396,blues.00039.6.wav,blues,blues
397,blues.00039.7.wav,blues,blues
402,blues.00040.2.wav,blues,blues
406,blues.00040.6.wav,blues,blues
407,blues.00040.7.wav,blues,blues
410,blues.00041.0.wav,blues,blues
415,blues.00041.5.wav,blues,blues
420,blues.00042.0.wav,blues,blues
422,blues.00042.2.wav,blues,blues
424,blues.00042.4.wav,blues,blues
440,blues.00044.0.wav,blues,blues
449,blues.00044.9.wav,blues,blues
451,blues.00045.1.wav,blues,blues
454,blues.00045.4.wav,blues,blues
460,blues.00046.0.wav,blues,blues
461,blues.00046.1.wav,blues,blues
462,blues.00046.2.wav,blues,blues
463,blues.00046.3.wav,blues,blues
467,blues.00046.7.wav,blues,blues
476,blues.00047.6.wav,blues,blues
484,blues.00048.4.wav,blues,blues
487,blues.00048.7.wav,blues,blues
489,blues.00048.9.wav,blues,blues
491,blues.00049.1.wav,blues,blues
495,blues.00049.5.wav,blues,blues
496,blues.00049.6.wav,blues,blues
499,blues.00049.9.wav,blues,blues
508,blues.00050.8.wav,blues,blues
509,blues.00050.9.wav,blues,blues
519,blues.00051.9.wav,blues,blues
521,blues.00052.1.wav,blues,blues
525,blues.00052.5.wav,blues,blues
526,blues.00052.6.wav,blues,blues
528,blues.00052.8.wav,blues,blues
532,blues.00053.2.wav,blues,blues
541,blues.00054.1.wav,blues,blues
543,blues.00054.3.wav,blues,blues
544,blues.00054.4.wav,blues,blues
548,blues.00054.8.wav,blues,blues
551,blues.00055.1.wav,blues,blues
555,blues.00055.5.wav,blues,metal
558,blues.00055.8.wav,blues,blues
561,blues.00056.1.wav,blues,blues
565,blues.00056.5.wav,blues,blues
572,blues.00057.2.wav,blues,blues
574,blues.00057.4.wav,blues,blues
578,blues.00057.8.wav,blues,blues
580,blues.00058.0.wav,blues,blues
587,blues.00058.7.wav,blues,blues
597,blues.00059.7.wav,blues,blues
598,blues.00059.8.wav,blues,blues
614,blues.00061.4.wav,blues,blues
620,blues.00062.0.wav,blues,blues
627,blues.00062.7.wav,blues,blues
628,blues.00062.8.wav,blues,blues
633,blues.00063.3.wav,blues,blues
634,blues.00063.4.wav,blues,blues
635,blues.00063.5.wav,blues,blues
637,blues.00063.7.wav,blues,blues
641,blues.00064.1.wav,blues,blues
642,blues.00064.2.wav,blues,blues
643,blues.00064.3.wav,blues,blues
651,blues.00065.1.wav,blues,blues
655,blues.00065.5.wav,blues,blues
660,blues.00066.0.wav,blues,blues
665,blues.00066.5.wav,blues,blues
671,blues.00067.1.wav,blues,blues
675,blues.00067.5.wav,blues,blues
683,blues.00068.3.wav,blues,blues
692,blues.00069.2.wav,blues,blues
693,blues.00069.3.wav,blues,blues
700,blues.00070.0.wav,blues,blues
704,blues.00070.4.wav,blues,blues
713,blues.00071.3.wav,blues,blues
722,blues.00072.2.wav,blues,blues
725,blues.00072.5.wav,blues,blues
728,blues.00072.8.wav,blues,blues
733,blues.00073.3.wav,blues,country
735,blues.00073.5.wav,blues,blues
743,blues.00074.3.wav,blues,disco
747,blues.00074.7.wav,blues,disco
760,blues.00076.0.wav,blues,blues
771,blues.00077.1.wav,blues,blues
772,blues.00077.2.wav,blues,blues
776,blues.00077.6.wav,blues,blues
779,blues.00077.9.wav,blues,blues
787,blues.00078.7.wav,blues,blues
794,blues.00079.4.wav,blues,blues
799,blues.00079.9.wav,blues,blues
802,blues.00080.2.wav,blues,blues
808,blues.00080.8.wav,blues,blues
811,blues.00081.1.wav,blues,metal
821,blues.00082.1.wav,blues,blues
825,blues.00082.5.wav,blues,blues
831,blues.00083.1.wav,blues,blues
834,blues.00083.4.wav,blues,metal
836,blues.00083.6.wav,blues,metal
837,blues.00083.7.wav,blues,blues
839,blues.00083.9.wav,blues,blues
841,blues.00084.1.wav,blues,blues
842,blues.00084.2.wav,blues,blues
843,blues.00084.3.wav,blues,blues
844,blues.00084.4.wav,blues,blues
845,blues.00084.5.wav,blues,blues
852,blues.00085.2.wav,blues,blues
864,blues.00086.4.wav,blues,blues
865,blues.00086.5.wav,blues,blues
866,blues.00086.6.wav,blues,blues
867,blues.00086.7.wav,blues,blues
878,blues.00087.8.wav,blues,blues
882,blues.00088.2.wav,blues,blues
883,blues.00088.3.wav,blues,blues
885,blues.00088.5.wav,blues,blues
888,blues.00088.8.wav,blues,blues
893,blues.00089.3.wav,blues,blues
895,blues.00089.5.wav,blues,blues
896,blues.00089.6.wav,blues,blues
898,blues.00089.8.wav,blues,jazz
908,blues.00090.8.wav,blues,blues
914,blues.00091.4.wav,blues,blues
915,blues.00091.5.wav,blues,country
920,blues.00092.0.wav,blues,blues
938,blues.00093.8.wav,blues,blues
944,blues.00094.4.wav,blues,blues
962,blues.00096.2.wav,blues,blues
974,blues.00097.4.wav,blues,blues
979,blues.00097.9.wav,blues,blues
982,blues.00098.2.wav,blues,rock
987,blues.00098.7.wav,blues,disco
989,blues.00098.9.wav,blues,disco
992,blues.00099.2.wav,blues,blues
994,blues.00099.4.wav,blues,country
1002,classical.00000.2.wav,classical,classical
1003,classical.00000.3.wav,classical,classical
1013,classical.00001.3.wav,classical,classical
1019,classical.00001.9.wav,classical,classical
1022,classical.00002.2.wav,classical,classical
1029,classical.00002.9.wav,classical,classical
1034,classical.00003.4.wav,classical,classical
1035,classical.00003.5.wav,classical,classical
1037,classical.00003.7.wav,classical,classical
1044,classical.00004.4.wav,classical,classical
1051,classical.00005.1.wav,classical,classical
1060,classical.00006.0.wav,classical,classical
1063,classical.00006.3.wav,classical,classical
1065,classical.00006.5.wav,classical,classical
1067,classical.00006.7.wav,classical,classical
1069,classical.00006.9.wav,classical,classical
1070,classical.00007.0.wav,classical,classical
1082,classical.00008.2.wav,classical,classical
1085,classical.00008.5.wav,classical,classical
1087,classical.00008.7.wav,classical,classical
1091,classical.00009.1.wav,classical,classical
1095,classical.00009.5.wav,classical,classical
1096,classical.00009.6.wav,classical,classical
1098,classical.00009.8.wav,classical,classical
1102,classical.00010.2.wav,classical,classical
1103,classical.00010.3.wav,classical,classical
1106,classical.00010.6.wav,classical,classical
1108,classical.00010.8.wav,classical,classical
1109,classical.00010.9.wav,classical,classical
1112,classical.00011.2.wav,classical,classical
1116,classical.00011.6.wav,classical,classical
1118,classical.00011.8.wav,classical,classical
1121,classical.00012.1.wav,classical,classical
1123,classical.00012.3.wav,classical,classical
1124,classical.00012.4.wav,classical,classical
1127,classical.00012.7.wav,classical,classical
1132,classical.00013.2.wav,classical,classical
1136,classical.00013.6.wav,classical,classical
1139,classical.00013.9.wav,classical,classical
1141,classical.00014.1.wav,classical,classical
1145,classical.00014.5.wav,classical,classical
1149,classical.00014.9.wav,classical,classical
1150,classical.00015.0.wav,classical,classical
1151,classical.00015.1.wav,classical,classical
1156,classical.00015.6.wav,classical,classical
1163,classical.00016.3.wav,classical,classical
1166,classical.00016.6.wav,classical,classical
1167,classical.00016.7.wav,classical,classical
1168,classical.00016.8.wav,classical,classical
1170,classical.00017.0.wav,classical,classical
1172,classical.00017.2.wav,classical,classical
1176,classical.00017.6.wav,classical,classical
1180,classical.00018.0.wav,classical,classical
1189,classical.00018.9.wav,classical,classical
1194,classical.00019.4.wav,classical,classical
1201,classical.00020.1.wav,classical,classical
1203,classical.00020.3.wav,classical,classical
1213,classical.00021.3.wav,classical,classical
1218,classical.00021.8.wav,classical,classical
1220,classical.00022.0.wav,classical,classical
1223,classical.00022.3.wav,classical,classical
1231,classical.00023.1.wav,classical,classical
1235,classical.00023.5.wav,classical,classical
1237,classical.00023.7.wav,classical,classical
1238,classical.00023.8.wav,classical,classical
1240,classical.00024.0.wav,classical,classical
1249,classical.00024.9.wav,classical,classical
1255,classical.00025.5.wav,classical,classical
1257,classical.00025.7.wav,classical,classical
1259,classical.00025.9.wav,classical,classical
1261,classical.00026.1.wav,classical,classical
1267,classical.00026.7.wav,classical,classical
1270,classical.00027.0.wav,classical,classical
1275,classical.00027.5.wav,classical,classical
1278,classical.00027.8.wav,classical,classical
1281,classical.00028.1.wav,classical,classical
1282,classical.00028.2.wav,classical,classical
1283,classical.00028.3.wav,classical,classical
1285,classical.00028.5.wav,classical,classical
1286,classical.00028.6.wav,classical,classical
1294,classical.00029.4.wav,classical,classical
1297,classical.00029.7.wav,classical,classical
1308,classical.00030.8.wav,classical,classical
1312,classical.00031.2.wav,classical,classical
1315,classical.00031.5.wav,classical,classical
1328,classical.00032.8.wav,classical,classical
1332,classical.00033.2.wav,classical,classical
1334,classical.00033.4.wav,classical,classical
1351,classical.00035.1.wav,classical,classical
1353,classical.00035.3.wav,classical,classical
1358,classical.00035.8.wav,classical,classical
1359,classical.00035.9.wav,classical,country
1362,classical.00036.2.wav,classical,classical
1363,classical.00036.3.wav,classical,classical
1364,classical.00036.4.wav,classical,classical
1371,classical.00037.1.wav,classical,classical
1373,classical.00037.3.wav,classical,classical
1376,classical.00037.6.wav,classical,classical
1379,classical.00037.9.wav,classical,classical
1382,classical.00038.2.wav,classical,classical
1388,classical.00038.8.wav,classical,jazz
1399,classical.00039.9.wav,classical,classical
1402,classical.00040.2.wav,classical,classical
1414,classical.00041.4.wav,classical,classical
1418,classical.00041.8.wav,classical,classical
1421,classical.00042.1.wav,classical,classical
1422,classical.00042.2.wav,classical,classical
1425,classical.00042.5.wav,classical,classical
1427,classical.00042.7.wav,classical,classical
1437,classical.00043.7.wav,classical,classical
1453,classical.00045.3.wav,classical,classical
1454,classical.00045.4.wav,classical,classical
1455,classical.00045.5.wav,classical,classical
1456,classical.00045.6.wav,classical,classical
1461,classical.00046.1.wav,classical,classical
1466,classical.00046.6.wav,classical,classical
1467,classical.00046.7.wav,classical,classical
1468,classical.00046.8.wav,classical,classical
1478,classical.00047.8.wav,classical,classical
1479,classical.00047.9.wav,classical,classical
1480,classical.00048.0.wav,classical,classical
1490,classical.00049.0.wav,classical,classical
1495,classical.00049.5.wav,classical,classical
1502,classical.00050.3.wav,classical,classical
1507,classical.00050.8.wav,classical,classical
1509,classical.00051.0.wav,classical,classical
1513,classical.00051.4.wav,classical,rock
1514,classical.00051.5.wav,classical,classical
1516,classical.00051.7.wav,classical,classical
1519,classical.00052.1.wav,classical,country
1523,classical.00052.5.wav,classical,classical
1525,classical.00052.7.wav,classical,classical
1529,classical.00053.1.wav,classical,jazz
1533,classical.00053.5.wav,classical,classical
1534,classical.00053.6.wav,classical,classical
1536,classical.00053.8.wav,classical,classical
1538,classical.00054.0.wav,classical,jazz
1540,classical.00054.2.wav,classical,classical
1554,classical.00055.6.wav,classical,classical
1559,classical.00056.1.wav,classical,classical
1563,classical.00056.5.wav,classical,classical
1569,classical.00057.1.wav,classical,classical
1570,classical.00057.2.wav,classical,classical
1571,classical.00057.3.wav,classical,classical
1573,classical.00057.5.wav,classical,classical
1577,classical.00057.9.wav,classical,classical
1578,classical.00058.0.wav,classical,classical
1580,classical.00058.2.wav,classical,classical
1585,classical.00058.7.wav,classical,classical
1589,classical.00059.1.wav,classical,classical
1593,classical.00059.5.wav,classical,classical
1594,classical.00059.6.wav,classical,classical
1595,classical.00059.7.wav,classical,classical
1597,classical.00059.9.wav,classical,classical
1599,classical.00060.1.wav,classical,classical
1607,classical.00060.9.wav,classical,classical
1611,classical.00061.3.wav,classical,classical
1624,classical.00062.6.wav,classical,classical
1638,classical.00064.0.wav,classical,classical
1640,classical.00064.2.wav,classical,classical
1643,classical.00064.5.wav,classical,classical
1644,classical.00064.6.wav,classical,classical
1645,classical.00064.7.wav,classical,classical
1651,classical.00065.3.wav,classical,classical
1652,classical.00065.4.wav,classical,classical
1654,classical.00065.6.wav,classical,classical
1656,classical.00065.8.wav,classical,classical
1662,classical.00066.4.wav,classical,classical
1666,classical.00066.8.wav,classical,classical
1669,classical.00067.1.wav,classical,classical
1675,classical.00067.7.wav,classical,classical
1690,classical.00069.2.wav,classical,classical
1691,classical.00069.3.wav,classical,classical
1710,classical.00071.2.wav,classical,classical
1712,classical.00071.4.wav,classical,classical
1714,classical.00071.6.wav,classical,classical
1715,classical.00071.7.wav,classical,classical
1718,classical.00072.0.wav,classical,classical
1726,classical.00072.8.wav,classical,classical
1730,classical.00073.2.wav,classical,classical
1733,classical.00073.5.wav,classical,classical
1738,classical.00074.0.wav,classical,classical
1741,classical.00074.3.wav,classical,classical
1746,classical.00074.8.wav,classical,classical
1748,classical.00075.0.wav,classical,classical
1750,classical.00075.2.wav,classical,classical
1751,classical.00075.3.wav,classical,classical
1755,classical.00075.7.wav,classical,classical
1761,classical.00076.3.wav,classical,classical
1765,classical.00076.7.wav,classical,classical
1766,classical.00076.8.wav,classical,classical
1768,classical.00077.0.wav,classical,classical
1774,classical.00077.6.wav,classical,classical
1783,classical.00078.5.wav,classical,classical
1785,classical.00078.7.wav,classical,classical
1788,classical.00079.0.wav,classical,classical
1789,classical.00079.1.wav,classical,classical
1791,classical.00079.3.wav,classical,classical
1796,classical.00079.8.wav,classical,classical
1797,classical.00079.9.wav,classical,classical
1804,classical.00080.6.wav,classical,classical
1812,classical.00081.4.wav,classical,classical
1813,classical.00081.5.wav,classical,classical
1815,classical.00081.7.wav,classical,classical
1817,classical.00081.9.wav,classical,classical
1819,classical.00082.1.wav,classical,classical
1824,classical.00082.6.wav,classical,classical
1826,classical.00082.8.wav,classical,classical
1829,classical.00083.1.wav,classical,classical
1831,classical.00083.3.wav,classical,classical
1833,classical.00083.5.wav,classical,classical
1835,classical.00083.7.wav,classical,classical
1837,classical.00083.9.wav,classical,classical
1842,classical.00084.4.wav,classical,classical
1845,classical.00084.7.wav,classical,classical
1852,classical.00085.4.wav,classical,classical
1854,classical.00085.6.wav,classical,classical
1861,classical.00086.3.wav,classical,classical
1868,classical.00087.0.wav,classical,classical
1869,classical.00087.1.wav,classical,classical
1870,classical.00087.2.wav,classical,classical
1872,classical.00087.4.wav,classical,classical
1874,classical.00087.6.wav,classical,classical
1884,classical.00088.6.wav,classical,classical
1887,classical.00088.9.wav,classical,classical
1892,classical.00089.4.wav,classical,classical
1893,classical.00089.5.wav,classical,classical
1904,classical.00090.6.wav,classical,classical
1912,classical.00091.4.wav,classical,classical
1916,classical.00091.8.wav,classical,classical
1917,classical.00091.9.wav,classical,classical
1921,classical.00092.3.wav,classical,classical
1928,classical.00093.0.wav,classical,classical
1931,classical.00093.3.wav,classical,classical
1939,classical.00094.1.wav,classical,classical
1940,classical.00094.2.wav,classical,classical
1941,classical.00094.3.wav,classical,classical
1942,classical.00094.4.wav,classical,classical
1946,classical.00094.8.wav,classical,classical
1957,classical.00095.9.wav,classical,classical
1978,classical.00098.0.wav,classical,classical
1984,classical.00098.6.wav,classical,classical
1985,classical.00098.7.wav,classical,classical
1986,classical.00098.8.wav,classical,classical
1994,classical.00099.6.wav,classical,classical
1995,classical.00099.7.wav,classical,classical
1997,classical.00099.9.wav,classical,classical
2002,country.00000.4.wav,country,country
2004,country.00000.6.wav,country,country
2006,country.00000.8.wav,country,country
2007,country.00000.9.wav,country,country
2009,country.00001.1.wav,country,country
2016,country.00001.8.wav,country,country
2017,country.00001.9.wav,country,country
2021,country.00002.3.wav,country,country
2029,country.00003.1.wav,country,country
2030,country.00003.2.wav,country,country
2031,country.00003.3.wav,country,country
2032,country.00003.4.wav,country,country
2033,country.00003.5.wav,country,country
2036,country.00003.8.wav,country,country
2041,country.00004.4.wav,country,country
2043,country.00004.6.wav,country,country
2048,country.00005.2.wav,country,country
2049,country.00005.3.wav,country,country
2054,country.00005.8.wav,country,disco
2059,country.00006.3.wav,country,country
2060,country.00006.4.wav,country,country
2070,country.00007.4.wav,country,country
2075,country.00008.0.wav,country,country
2076,country.00008.1.wav,country,country
2081,country.00008.6.wav,country,country
2087,country.00009.2.wav,country,country
2088,country.00009.3.wav,country,country
2090,country.00009.5.wav,country,country
2092,country.00009.7.wav,country,country
2097,country.00010.2.wav,country,country
2103,country.00010.8.wav,country,country
2104,country.00010.9.wav,country,country
2111,country.00011.6.wav,country,country
2113,country.00011.8.wav,country,jazz
2118,country.00012.3.wav,country,country
2119,country.00012.4.wav,country,country
2124,country.00012.9.wav,country,country
2128,country.00013.3.wav,country,country
2134,country.00013.9.wav,country,country
2137,country.00014.2.wav,country,country
2140,country.00014.5.wav,country,country
2141,country.00014.6.wav,country,country
2149,country.00015.4.wav,country,jazz
2150,country.00015.5.wav,country,country
2152,country.00015.7.wav,country,country
2153,country.00015.8.wav,country,rock
2154,country.00015.9.wav,country,country
2158,country.00016.3.wav,country,jazz
2161,country.00016.6.wav,country,country
2162,country.00016.7.wav,country,country
2164,country.00016.9.wav,country,country
2167,country.00017.2.wav,country,country
2168,country.00017.3.wav,country,country
2175,country.00018.0.wav,country,country
2178,country.00018.3.wav,country,country
2179,country.00018.4.wav,country,country
2182,country.00018.7.wav,country,country
2183,country.00018.8.wav,country,country
2189,country.00019.4.wav,country,country
2193,country.00019.8.wav,country,country
2196,country.00020.1.wav,country,country
2201,country.00020.6.wav,country,country
2206,country.00021.1.wav,country,country
2214,country.00021.9.wav,country,country
2217,country.00022.2.wav,country,jazz
2227,country.00023.2.wav,country,country
2229,country.00023.4.wav,country,country
2237,country.00024.2.wav,country,country
2241,country.00024.6.wav,country,country
2244,country.00024.9.wav,country,country
2247,country.00025.2.wav,country,country
2250,country.00025.5.wav,country,country
2252,country.00025.7.wav,country,country
2253,country.00025.8.wav,country,country
2263,country.00026.8.wav,country,reggae
2265,country.00027.0.wav,country,country
2267,country.00027.2.wav,country,country
2268,country.00027.3.wav,country,country
2270,country.00027.5.wav,country,country
2271,country.00027.6.wav,country,country
2272,country.00027.7.wav,country,country
2279,country.00028.4.wav,country,country
2284,country.00028.9.wav,country,country
2288,country.00029.3.wav,country,country
2293,country.00029.8.wav,country,country
2294,country.00029.9.wav,country,country
2305,country.00031.0.wav,country,country
2308,country.00031.3.wav,country,country
2315,country.00032.0.wav,country,country
2337,country.00034.2.wav,country,country
2343,country.00034.8.wav,country,country
2350,country.00035.5.wav,country,country
2356,country.00036.1.wav,country,country
2359,country.00036.4.wav,country,country
2363,country.00036.8.wav,country,classical
2375,country.00038.0.wav,country,country
2376,country.00038.1.wav,country,country
2378,country.00038.3.wav,country,country
2379,country.00038.4.wav,country,country
2380,country.00038.5.wav,country,pop
2381,country.00038.6.wav,country,country
2384,country.00038.9.wav,country,country
2390,country.00039.5.wav,country,country
2395,country.00040.0.wav,country,country
2397,country.00040.2.wav,country,country
2398,country.00040.3.wav,country,country
2400,country.00040.5.wav,country,reggae
2402,country.00040.7.wav,country,country
2405,country.00041.0.wav,country,country
2406,country.00041.1.wav,country,country
2411,country.00041.6.wav,country,country
2412,country.00041.7.wav,country,country
2423,country.00042.8.wav,country,country
2427,country.00043.2.wav,country,country
2431,country.00043.6.wav,country,country
2434,country.00043.9.wav,country,country
2436,country.00044.1.wav,country,country
2443,country.00044.8.wav,country,country
2446,country.00045.1.wav,country,country
2448,country.00045.3.wav,country,country
2453,country.00045.8.wav,country,country
2457,country.00046.2.wav,country,country
2458,country.00046.3.wav,country,country
2470,country.00047.5.wav,country,country
2475,country.00048.0.wav,country,country
2476,country.00048.1.wav,country,country
2495,country.00050.0.wav,country,country
2499,country.00050.4.wav,country,country
2500,country.00050.5.wav,country,country
2501,country.00050.6.wav,country,disco
2503,country.00050.8.wav,country,country
2506,country.00051.1.wav,country,country
2509,country.00051.4.wav,country,jazz
2513,country.00051.8.wav,country,country
2520,country.00052.5.wav,country,country
2521,country.00052.6.wav,country,country
2528,country.00053.3.wav,country,country
2530,country.00053.5.wav,country,country
2535,country.00054.0.wav,country,country
2539,country.00054.4.wav,country,country
2543,country.00054.8.wav,country,country
2545,country.00055.0.wav,country,country
2549,country.00055.4.wav,country,country
2550,country.00055.5.wav,country,country
2551,country.00055.6.wav,country,country
2560,country.00056.5.wav,country,country
2563,country.00056.8.wav,country,country
2569,country.00057.4.wav,country,country
2570,country.00057.5.wav,country,country
2571,country.00057.6.wav,country,country
2576,country.00058.1.wav,country,country
2577,country.00058.2.wav,country,country
2579,country.00058.4.wav,country,country
2580,country.00058.5.wav,country,country
2584,country.00058.9.wav,country,rock
2585,country.00059.0.wav,country,country
2588,country.00059.3.wav,country,country
2602,country.00060.7.wav,country,country
2604,country.00060.9.wav,country,country
2606,country.00061.1.wav,country,country
2607,country.00061.2.wav,country,country
2608,country.00061.3.wav,country,country
2613,country.00061.8.wav,country,country
2617,country.00062.2.wav,country,country
2625,country.00063.0.wav,country,blues
2630,country.00063.5.wav,country,country
2631,country.00063.6.wav,country,country
2632,country.00063.7.wav,country,reggae
2633,country.00063.8.wav,country,country
2639,country.00064.4.wav,country,country
2640,country.00064.5.wav,country,country
2641,country.00064.6.wav,country,country
2643,country.00064.8.wav,country,jazz
2646,country.00065.1.wav,country,country
2648,country.00065.3.wav,country,blues
2652,country.00065.7.wav,country,country
2658,country.00066.3.wav,country,country
2661,country.00066.6.wav,country,country
2662,country.00066.7.wav,country,rock
2663,country.00066.8.wav,country,country
2664,country.00066.9.wav,country,country
2669,country.00067.4.wav,country,country
2670,country.00067.5.wav,country,country
2676,country.00068.1.wav,country,country
2678,country.00068.3.wav,country,country
2685,country.00069.0.wav,country,country
2686,country.00069.1.wav,country,country
2693,country.00069.8.wav,country,country
2701,country.00070.6.wav,country,country
2702,country.00070.7.wav,country,country
2706,country.00071.1.wav,country,country
2707,country.00071.2.wav,country,country
2709,country.00071.4.wav,country,country
2712,country.00071.7.wav,country,rock
2717,country.00072.2.wav,country,country
2730,country.00073.5.wav,country,country
2731,country.00073.6.wav,country,reggae
2734,country.00073.9.wav,country,country
2735,country.00074.0.wav,country,country
2738,country.00074.3.wav,country,country
2740,country.00074.5.wav,country,country
2746,country.00075.1.wav,country,country
2747,country.00075.2.wav,country,country
2749,country.00075.4.wav,country,country
2754,country.00075.9.wav,country,country
2759,country.00076.4.wav,country,country
2760,country.00076.5.wav,country,country
2761,country.00076.6.wav,country,country
2767,country.00077.2.wav,country,country
2768,country.00077.3.wav,country,country
2769,country.00077.4.wav,country,country
2774,country.00077.9.wav,country,country
2782,country.00078.7.wav,country,country
2784,country.00078.9.wav,country,country
2786,country.00079.1.wav,country,country
2796,country.00080.1.wav,country,country
2797,country.00080.2.wav,country,country
2799,country.00080.4.wav,country,country
2805,country.00081.0.wav,country,country
2813,country.00081.8.wav,country,country
2817,country.00082.2.wav,country,country
2821,country.00082.6.wav,country,country
2826,country.00083.1.wav,country,country
2831,country.00083.6.wav,country,country
2838,country.00084.3.wav,country,country
2839,country.00084.4.wav,country,country
2841,country.00084.6.wav,country,country
2846,country.00085.1.wav,country,blues
2847,country.00085.2.wav,country,country
2849,country.00085.4.wav,country,country
2860,country.00086.5.wav,country,country
2861,country.00086.6.wav,country,blues
2865,country.00087.0.wav,country,jazz
2869,country.00087.4.wav,country,country
2872,country.00087.7.wav,country,country
2873,country.00087.8.wav,country,country
2888,country.00089.3.wav,country,country
2890,country.00089.5.wav,country,country
2892,country.00089.7.wav,country,country
2898,country.00090.3.wav,country,country
2899,country.00090.4.wav,country,country
2916,country.00092.1.wav,country,country
2917,country.00092.2.wav,country,country
2919,country.00092.4.wav,country,country
2921,country.00092.6.wav,country,metal
2923,country.00092.8.wav,country,country
2929,country.00093.4.wav,country,jazz
2930,country.00093.5.wav,country,country
2931,country.00093.6.wav,country,blues
2932,country.00093.7.wav,country,country
2933,country.00093.8.wav,country,country
2936,country.00094.1.wav,country,country
2946,country.00095.1.wav,country,country
2948,country.00095.3.wav,country,country
2949,country.00095.4.wav,country,country
2958,country.00096.3.wav,country,country
2962,country.00096.7.wav,country,country
2967,country.00097.2.wav,country,country
2972,country.00097.7.wav,country,country
2975,country.00098.0.wav,country,country
2980,country.00098.5.wav,country,country
2984,country.00098.9.wav,country,country
2994,country.00099.9.wav,country,disco
2995,disco.00000.0.wav,disco,disco
2999,disco.00000.4.wav,disco,disco
3009,disco.00001.4.wav,disco,disco
3010,disco.00001.5.wav,disco,disco
3018,disco.00002.3.wav,disco,disco
3021,disco.00002.6.wav,disco,disco
3025,disco.00003.0.wav,disco,disco
3028,disco.00003.3.wav,disco,disco
3030,disco.00003.5.wav,disco,disco
3032,disco.00003.7.wav,disco,disco
3034,disco.00003.9.wav,disco,disco
3037,disco.00004.2.wav,disco,disco
3039,disco.00004.4.wav,disco,disco
3043,disco.00004.8.wav,disco,disco
3046,disco.00005.1.wav,disco,disco
3054,disco.00005.9.wav,disco,disco
3063,disco.00006.8.wav,disco,disco
3065,disco.00007.0.wav,disco,disco
3066,disco.00007.1.wav,disco,disco
3069,disco.00007.4.wav,disco,disco
3071,disco.00007.6.wav,disco,disco
3073,disco.00007.8.wav,disco,disco
3078,disco.00008.3.wav,disco,disco
3079,disco.00008.4.wav,disco,disco
3083,disco.00008.8.wav,disco,disco
3086,disco.00009.1.wav,disco,disco
3090,disco.00009.5.wav,disco,disco
3114,disco.00011.9.wav,disco,pop
3118,disco.00012.3.wav,disco,disco
3125,disco.00013.0.wav,disco,disco
3131,disco.00013.6.wav,disco,disco
3140,disco.00014.5.wav,disco,disco
3147,disco.00015.3.wav,disco,disco
3148,disco.00015.4.wav,disco,disco
3149,disco.00015.5.wav,disco,pop
3151,disco.00015.7.wav,disco,disco
3152,disco.00015.8.wav,disco,disco
3156,disco.00016.2.wav,disco,disco
3160,disco.00016.6.wav,disco,disco
3161,disco.00016.7.wav,disco,disco
3170,disco.00017.6.wav,disco,disco
3172,disco.00017.8.wav,disco,disco
3180,disco.00018.6.wav,disco,disco
3181,disco.00018.7.wav,disco,disco
3188,disco.00019.4.wav,disco,disco
3193,disco.00019.9.wav,disco,disco
3194,disco.00020.0.wav,disco,country
3202,disco.00020.8.wav,disco,country
3207,disco.00021.3.wav,disco,disco
3212,disco.00021.8.wav,disco,disco
3214,disco.00022.0.wav,disco,disco
3220,disco.00022.6.wav,disco,disco
3222,disco.00022.8.wav,disco,disco
3223,disco.00022.9.wav,disco,disco
3232,disco.00023.8.wav,disco,disco
3239,disco.00024.5.wav,disco,disco
3240,disco.00024.6.wav,disco,disco
3243,disco.00024.9.wav,disco,disco
3253,disco.00025.9.wav,disco,disco
3260,disco.00026.6.wav,disco,disco
3262,disco.00026.8.wav,disco,disco
3263,disco.00026.9.wav,disco,disco
3269,disco.00027.5.wav,disco,hiphop
3270,disco.00027.6.wav,disco,disco
3274,disco.00028.0.wav,disco,disco
3277,disco.00028.3.wav,disco,disco
3299,disco.00030.5.wav,disco,disco
3304,disco.00031.0.wav,disco,country
3318,disco.00032.4.wav,disco,disco
3320,disco.00032.6.wav,disco,disco
3326,disco.00033.2.wav,disco,disco
3327,disco.00033.3.wav,disco,disco
3329,disco.00033.5.wav,disco,disco
3332,disco.00033.8.wav,disco,disco
3341,disco.00034.7.wav,disco,disco
3343,disco.00034.9.wav,disco,disco
3348,disco.00035.4.wav,disco,disco
3358,disco.00036.4.wav,disco,disco
3359,disco.00036.5.wav,disco,disco
3367,disco.00037.3.wav,disco,disco
3368,disco.00037.4.wav,disco,disco
3373,disco.00037.9.wav,disco,disco
3374,disco.00038.0.wav,disco,disco
3380,disco.00038.6.wav,disco,disco
3382,disco.00038.8.wav,disco,disco
3408,disco.00041.4.wav,disco,disco
3410,disco.00041.6.wav,disco,country
3411,disco.00041.7.wav,disco,reggae
3420,disco.00042.6.wav,disco,disco
3424,disco.00043.0.wav,disco,reggae
3429,disco.00043.5.wav,disco,reggae
3431,disco.00043.7.wav,disco,disco
3432,disco.00043.8.wav,disco,disco
3433,disco.00043.9.wav,disco,disco
3437,disco.00044.3.wav,disco,disco
3443,disco.00044.9.wav,disco,disco
3445,disco.00045.1.wav,disco,disco
3448,disco.00045.4.wav,disco,disco
3449,disco.00045.5.wav,disco,disco
3459,disco.00046.5.wav,disco,disco
3460,disco.00046.6.wav,disco,disco
3461,disco.00046.7.wav,disco,disco
3464,disco.00047.0.wav,disco,classical
3465,disco.00047.1.wav,disco,jazz
3472,disco.00047.8.wav,disco,classical
3473,disco.00047.9.wav,disco,classical
3474,disco.00048.0.wav,disco,disco
3481,disco.00048.7.wav,disco,disco
3482,disco.00048.8.wav,disco,disco
3485,disco.00049.1.wav,disco,disco
3493,disco.00049.9.wav,disco,disco
3497,disco.00050.3.wav,disco,disco
3510,disco.00051.6.wav,disco,disco
3515,disco.00052.1.wav,disco,disco
3518,disco.00052.4.wav,disco,disco
3535,disco.00054.1.wav,disco,disco
3538,disco.00054.4.wav,disco,disco
3545,disco.00055.1.wav,disco,disco
3546,disco.00055.2.wav,disco,disco
3553,disco.00055.9.wav,disco,disco
3557,disco.00056.3.wav,disco,disco
3558,disco.00056.4.wav,disco,disco
3566,disco.00057.2.wav,disco,disco
3581,disco.00058.7.wav,disco,disco
3585,disco.00059.1.wav,disco,disco
3590,disco.00059.6.wav,disco,disco
3594,disco.00060.0.wav,disco,disco
3598,disco.00060.4.wav,disco,disco
3613,disco.00061.9.wav,disco,disco
3616,disco.00062.2.wav,disco,hiphop
3617,disco.00062.3.wav,disco,hiphop
3618,disco.00062.4.wav,disco,hiphop
3619,disco.00062.5.wav,disco,disco
3628,disco.00063.4.wav,disco,disco
3629,disco.00063.5.wav,disco,disco
3634,disco.00064.0.wav,disco,reggae
3636,disco.00064.2.wav,disco,reggae
3637,disco.00064.3.wav,disco,disco
3639,disco.00064.5.wav,disco,disco
3641,disco.00064.7.wav,disco,disco
3646,disco.00065.2.wav,disco,disco
3650,disco.00065.6.wav,disco,disco
3652,disco.00065.8.wav,disco,disco
3654,disco.00066.0.wav,disco,disco
3663,disco.00066.9.wav,disco,disco
3664,disco.00067.0.wav,disco,disco
3667,disco.00067.3.wav,disco,disco
3669,disco.00067.5.wav,disco,rock
3679,disco.00068.5.wav,disco,disco
3680,disco.00068.6.wav,disco,disco
3682,disco.00068.8.wav,disco,disco
3683,disco.00068.9.wav,disco,disco
3689,disco.00069.5.wav,disco,disco
3696,disco.00070.2.wav,disco,disco
3697,disco.00070.3.wav,disco,disco
3698,disco.00070.4.wav,disco,disco
3699,disco.00070.5.wav,disco,disco
3705,disco.00071.1.wav,disco,disco
3709,disco.00071.5.wav,disco,disco
3710,disco.00071.6.wav,disco,disco
3714,disco.00072.0.wav,disco,disco
3716,disco.00072.2.wav,disco,disco
3719,disco.00072.5.wav,disco,disco
3723,disco.00072.9.wav,disco,disco
3724,disco.00073.0.wav,disco,disco
3725,disco.00073.1.wav,disco,disco
3726,disco.00073.2.wav,disco,disco
3735,disco.00074.1.wav,disco,disco
3740,disco.00074.6.wav,disco,disco
3743,disco.00074.9.wav,disco,disco
3744,disco.00075.0.wav,disco,disco
3747,disco.00075.3.wav,disco,disco
3752,disco.00075.8.wav,disco,disco
3753,disco.00075.9.wav,disco,disco
3754,disco.00076.0.wav,disco,disco
3757,disco.00076.3.wav,disco,disco
3761,disco.00076.7.wav,disco,disco
3766,disco.00077.2.wav,disco,rock
3771,disco.00077.7.wav,disco,disco
3774,disco.00078.0.wav,disco,disco
3776,disco.00078.2.wav,disco,disco
3782,disco.00078.8.wav,disco,disco
3790,disco.00079.6.wav,disco,disco
3791,disco.00079.7.wav,disco,disco
3800,disco.00080.6.wav,disco,disco
3803,disco.00080.9.wav,disco,disco
3810,disco.00081.6.wav,disco,disco
3814,disco.00082.0.wav,disco,disco
3831,disco.00083.7.wav,disco,disco
3838,disco.00084.4.wav,disco,disco
3841,disco.00084.7.wav,disco,disco
3842,disco.00084.8.wav,disco,disco
3844,disco.00085.0.wav,disco,disco
3848,disco.00085.4.wav,disco,disco
3849,disco.00085.5.wav,disco,disco
3850,disco.00085.6.wav,disco,disco
3852,disco.00085.8.wav,disco,disco
3855,disco.00086.1.wav,disco,blues
3857,disco.00086.3.wav,disco,disco
3860,disco.00086.6.wav,disco,blues
3861,disco.00086.7.wav,disco,blues
3864,disco.00087.0.wav,disco,disco
3874,disco.00088.0.wav,disco,disco
3879,disco.00088.5.wav,disco,disco
3883,disco.00088.9.wav,disco,disco
3885,disco.00089.1.wav,disco,disco
3887,disco.00089.3.wav,disco,disco
3894,disco.00090.0.wav,disco,disco
3895,disco.00090.1.wav,disco,disco
3896,disco.00090.2.wav,disco,disco
3900,disco.00090.6.wav,disco,disco
3908,disco.00091.4.wav,disco,disco
3916,disco.00092.2.wav,disco,disco
3925,disco.00093.1.wav,disco,disco
3927,disco.00093.3.wav,disco,disco
3931,disco.00093.7.wav,disco,disco
3942,disco.00094.8.wav,disco,disco
3944,disco.00095.0.wav,disco,disco
3953,disco.00095.9.wav,disco,hiphop
3955,disco.00096.1.wav,disco,disco
3960,disco.00096.6.wav,disco,disco
3972,disco.00097.8.wav,disco,disco
3974,disco.00098.0.wav,disco,disco
3978,disco.00098.4.wav,disco,disco
3981,disco.00098.7.wav,disco,disco
3987,disco.00099.3.wav,disco,disco
3990,disco.00099.6.wav,disco,disco
3992,disco.00099.8.wav,disco,disco
3993,disco.00099.9.wav,disco,disco
3998,hiphop.00000.4.wav,hiphop,hiphop
4004,hiphop.00001.0.wav,hiphop,hiphop
4008,hiphop.00001.4.wav,hiphop,hiphop
4016,hiphop.00002.2.wav,hiphop,hiphop
4018,hiphop.00002.4.wav,hiphop,hiphop
4022,hiphop.00002.8.wav,hiphop,reggae
4024,hiphop.00003.0.wav,hiphop,hiphop
4025,hiphop.00003.1.wav,hiphop,hiphop
4033,hiphop.00003.9.wav,hiphop,hiphop
4034,hiphop.00004.0.wav,hiphop,hiphop
4038,hiphop.00004.4.wav,hiphop,hiphop
4041,hiphop.00004.7.wav,hiphop,hiphop
4045,hiphop.00005.1.wav,hiphop,hiphop
4055,hiphop.00006.1.wav,hiphop,hiphop
4060,hiphop.00006.6.wav,hiphop,hiphop
4064,hiphop.00007.0.wav,hiphop,hiphop
4066,hiphop.00007.2.wav,hiphop,hiphop
4069,hiphop.00007.5.wav,hiphop,hiphop
4070,hiphop.00007.6.wav,hiphop,hiphop
4071,hiphop.00007.7.wav,hiphop,hiphop
4074,hiphop.00008.0.wav,hiphop,hiphop
4075,hiphop.00008.1.wav,hiphop,hiphop
4085,hiphop.00009.1.wav,hiphop,hiphop
4087,hiphop.00009.3.wav,hiphop,hiphop
4089,hiphop.00009.5.wav,hiphop,hiphop
4097,hiphop.00010.3.wav,hiphop,disco
4100,hiphop.00010.6.wav,hiphop,hiphop
4101,hiphop.00010.7.wav,hiphop,hiphop
4103,hiphop.00010.9.wav,hiphop,rock
4105,hiphop.00011.1.wav,hiphop,hiphop
4109,hiphop.00011.5.wav,hiphop,hiphop
4115,hiphop.00012.1.wav,hiphop,hiphop
4125,hiphop.00013.1.wav,hiphop,hiphop
4126,hiphop.00013.2.wav,hiphop,hiphop
4127,hiphop.00013.3.wav,hiphop,hiphop
4131,hiphop.00013.7.wav,hiphop,jazz
4133,hiphop.00013.9.wav,hiphop,rock
4134,hiphop.00014.0.wav,hiphop,hiphop
4135,hiphop.00014.1.wav,hiphop,hiphop
4136,hiphop.00014.2.wav,hiphop,blues
4141,hiphop.00014.7.wav,hiphop,hiphop
4142,hiphop.00014.8.wav,hiphop,metal
4145,hiphop.00015.1.wav,hiphop,hiphop
4152,hiphop.00015.8.wav,hiphop,rock
4155,hiphop.00016.1.wav,hiphop,hiphop
4156,hiphop.00016.2.wav,hiphop,hiphop
4159,hiphop.00016.5.wav,hiphop,hiphop
4160,hiphop.00016.6.wav,hiphop,hiphop
4162,hiphop.00016.8.wav,hiphop,hiphop
4164,hiphop.00017.0.wav,hiphop,hiphop
4166,hiphop.00017.2.wav,hiphop,hiphop
4168,hiphop.00017.4.wav,hiphop,hiphop
4174,hiphop.00018.0.wav,hiphop,hiphop
4178,hiphop.00018.4.wav,hiphop,hiphop
4183,hiphop.00018.9.wav,hiphop,hiphop
4196,hiphop.00020.2.wav,hiphop,hiphop
4202,hiphop.00020.8.wav,hiphop,hiphop
4214,hiphop.00022.0.wav,hiphop,hiphop
4222,hiphop.00022.8.wav,hiphop,hiphop
4226,hiphop.00023.2.wav,hiphop,hiphop
4228,hiphop.00023.4.wav,hiphop,hiphop
4230,hiphop.00023.6.wav,hiphop,country
4233,hiphop.00023.9.wav,hiphop,hiphop
4236,hiphop.00024.2.wav,hiphop,hiphop
4240,hiphop.00024.6.wav,hiphop,hiphop
4254,hiphop.00026.0.wav,hiphop,hiphop
4255,hiphop.00026.1.wav,hiphop,hiphop
4258,hiphop.00026.4.wav,hiphop,hiphop
4265,hiphop.00027.1.wav,hiphop,hiphop
4269,hiphop.00027.5.wav,hiphop,hiphop
4273,hiphop.00027.9.wav,hiphop,hiphop
4275,hiphop.00028.1.wav,hiphop,hiphop
4282,hiphop.00028.8.wav,hiphop,hiphop
4290,hiphop.00029.6.wav,hiphop,hiphop
4298,hiphop.00030.4.wav,hiphop,hiphop
4299,hiphop.00030.5.wav,hiphop,hiphop
4302,hiphop.00030.8.wav,hiphop,hiphop
4306,hiphop.00031.2.wav,hiphop,pop
4310,hiphop.00031.6.wav,hiphop,hiphop
4318,hiphop.00032.5.wav,hiphop,hiphop
4319,hiphop.00032.6.wav,hiphop,hiphop
4320,hiphop.00032.7.wav,hiphop,hiphop
4324,hiphop.00033.2.wav,hiphop,hiphop
4337,hiphop.00034.5.wav,hiphop,hiphop
4339,hiphop.00034.7.wav,hiphop,hiphop
4340,hiphop.00034.8.wav,hiphop,hiphop
4341,hiphop.00034.9.wav,hiphop,hiphop
4343,hiphop.00035.1.wav,hiphop,hiphop
4344,hiphop.00035.2.wav,hiphop,hiphop
4347,hiphop.00035.5.wav,hiphop,hiphop
4348,hiphop.00035.6.wav,hiphop,hiphop
4372,hiphop.00038.0.wav,hiphop,classical
4375,hiphop.00038.3.wav,hiphop,hiphop
4381,hiphop.00038.9.wav,hiphop,hiphop
4382,hiphop.00039.0.wav,hiphop,hiphop
4384,hiphop.00039.2.wav,hiphop,hiphop
4387,hiphop.00039.5.wav,hiphop,hiphop
4388,hiphop.00039.6.wav,hiphop,hiphop
4390,hiphop.00039.8.wav,hiphop,hiphop
4393,hiphop.00040.1.wav,hiphop,country
4398,hiphop.00040.6.wav,hiphop,hiphop
4399,hiphop.00040.7.wav,hiphop,hiphop
4401,hiphop.00040.9.wav,hiphop,pop
4402,hiphop.00041.0.wav,hiphop,hiphop
4410,hiphop.00041.8.wav,hiphop,hiphop
4413,hiphop.00042.1.wav,hiphop,hiphop
4418,hiphop.00042.6.wav,hiphop,hiphop
4425,hiphop.00043.3.wav,hiphop,hiphop
4426,hiphop.00043.4.wav,hiphop,hiphop
4428,hiphop.00043.6.wav,hiphop,hiphop
4430,hiphop.00043.8.wav,hiphop,reggae
4439,hiphop.00044.7.wav,hiphop,hiphop
4442,hiphop.00045.0.wav,hiphop,hiphop
4446,hiphop.00045.4.wav,hiphop,hiphop
4447,hiphop.00045.5.wav,hiphop,hiphop
4448,hiphop.00045.6.wav,hiphop,hiphop
4454,hiphop.00046.2.wav,hiphop,hiphop
4475,hiphop.00048.3.wav,hiphop,hiphop
4477,hiphop.00048.5.wav,hiphop,hiphop
4481,hiphop.00048.9.wav,hiphop,hiphop
4482,hiphop.00049.0.wav,hiphop,hiphop
4488,hiphop.00049.6.wav,hiphop,hiphop
4490,hiphop.00049.8.wav,hiphop,hiphop
4497,hiphop.00050.5.wav,hiphop,hiphop
4503,hiphop.00051.1.wav,hiphop,hiphop
4507,hiphop.00051.5.wav,hiphop,hiphop
4512,hiphop.00052.0.wav,hiphop,hiphop
4513,hiphop.00052.1.wav,hiphop,hiphop
4520,hiphop.00052.8.wav,hiphop,hiphop
4526,hiphop.00053.4.wav,hiphop,hiphop
4527,hiphop.00053.5.wav,hiphop,hiphop
4528,hiphop.00053.6.wav,hiphop,hiphop
4532,hiphop.00054.0.wav,hiphop,hiphop
4534,hiphop.00054.2.wav,hiphop,hiphop
4539,hiphop.00054.7.wav,hiphop,hiphop
4546,hiphop.00055.4.wav,hiphop,hiphop
4549,hiphop.00055.7.wav,hiphop,hiphop
4556,hiphop.00056.4.wav,hiphop,hiphop
4558,hiphop.00056.6.wav,hiphop,hiphop
4563,hiphop.00057.1.wav,hiphop,reggae
4567,hiphop.00057.5.wav,hiphop,hiphop
4575,hiphop.00058.3.wav,hiphop,hiphop
4576,hiphop.00058.4.wav,hiphop,hiphop
4580,hiphop.00058.8.wav,hiphop,hiphop
4581,hiphop.00058.9.wav,hiphop,hiphop
4588,hiphop.00059.6.wav,hiphop,hiphop
4589,hiphop.00059.7.wav,hiphop,hiphop
4592,hiphop.00060.0.wav,hiphop,hiphop
4595,hiphop.00060.3.wav,hiphop,hiphop
4597,hiphop.00060.5.wav,hiphop,hiphop
4598,hiphop.00060.6.wav,hiphop,reggae
4601,hiphop.00060.9.wav,hiphop,hiphop
4606,hiphop.00061.4.wav,hiphop,hiphop
4613,hiphop.00062.1.wav,hiphop,hiphop
4615,hiphop.00062.3.wav,hiphop,hiphop
4617,hiphop.00062.5.wav,hiphop,hiphop
4624,hiphop.00063.2.wav,hiphop,hiphop
4626,hiphop.00063.4.wav,hiphop,hiphop
4627,hiphop.00063.5.wav,hiphop,hiphop
4631,hiphop.00063.9.wav,hiphop,hiphop
4634,hiphop.00064.2.wav,hiphop,hiphop
4635,hiphop.00064.3.wav,hiphop,hiphop
4637,hiphop.00064.5.wav,hiphop,hiphop
4639,hiphop.00064.7.wav,hiphop,hiphop
4643,hiphop.00065.1.wav,hiphop,hiphop
4645,hiphop.00065.3.wav,hiphop,hiphop
4649,hiphop.00065.7.wav,hiphop,hiphop
4654,hiphop.00066.2.wav,hiphop,hiphop
4655,hiphop.00066.3.wav,hiphop,hiphop
4656,hiphop.00066.4.wav,hiphop,hiphop
4658,hiphop.00066.6.wav,hiphop,hiphop
4659,hiphop.00066.7.wav,hiphop,hiphop
4663,hiphop.00067.1.wav,hiphop,pop
4665,hiphop.00067.3.wav,hiphop,hiphop
4668,hiphop.00067.6.wav,hiphop,hiphop
4671,hiphop.00067.9.wav,hiphop,hiphop
4673,hiphop.00068.1.wav,hiphop,hiphop
4674,hiphop.00068.2.wav,hiphop,hiphop
4676,hiphop.00068.4.wav,hiphop,hiphop
4677,hiphop.00068.5.wav,hiphop,hiphop
4678,hiphop.00068.6.wav,hiphop,hiphop
4688,hiphop.00069.6.wav,hiphop,hiphop
4691,hiphop.00069.9.wav,hiphop,hiphop
4695,hiphop.00070.3.wav,hiphop,hiphop
4696,hiphop.00070.4.wav,hiphop,hiphop
4697,hiphop.00070.5.wav,hiphop,hiphop
4706,hiphop.00071.4.wav,hiphop,hiphop
4707,hiphop.00071.5.wav,hiphop,hiphop
4708,hiphop.00071.6.wav,hiphop,hiphop
4709,hiphop.00071.7.wav,hiphop,hiphop
4710,hiphop.00071.8.wav,hiphop,hiphop
4711,hiphop.00071.9.wav,hiphop,hiphop
4713,hiphop.00072.1.wav,hiphop,hiphop
4716,hiphop.00072.4.wav,hiphop,hiphop
4717,hiphop.00072.5.wav,hiphop,hiphop
4719,hiphop.00072.7.wav,hiphop,hiphop
4725,hiphop.00073.3.wav,hiphop,hiphop
4731,hiphop.00073.9.wav,hiphop,hiphop
4737,hiphop.00074.5.wav,hiphop,hiphop
4741,hiphop.00074.9.wav,hiphop,hiphop
4742,hiphop.00075.0.wav,hiphop,hiphop
4747,hiphop.00075.5.wav,hiphop,hiphop
4752,hiphop.00076.0.wav,hiphop,hiphop
4764,hiphop.00077.2.wav,hiphop,hiphop
4766,hiphop.00077.4.wav,hiphop,hiphop
4770,hiphop.00077.8.wav,hiphop,pop
4772,hiphop.00078.0.wav,hiphop,hiphop
4773,hiphop.00078.1.wav,hiphop,hiphop
4775,hiphop.00078.3.wav,hiphop,hiphop
4779,hiphop.00078.7.wav,hiphop,hiphop
4780,hiphop.00078.8.wav,hiphop,hiphop
4792,hiphop.00080.0.wav,hiphop,hiphop
4798,hiphop.00080.6.wav,hiphop,hiphop
4800,hiphop.00080.8.wav,hiphop,hiphop
4805,hiphop.00081.3.wav,hiphop,hiphop
4807,hiphop.00081.5.wav,hiphop,hiphop
4808,hiphop.00081.6.wav,hiphop,hiphop
4824,hiphop.00083.2.wav,hiphop,hiphop
4832,hiphop.00084.0.wav,hiphop,hiphop
4833,hiphop.00084.1.wav,hiphop,hiphop
4846,hiphop.00085.4.wav,hiphop,hiphop
4847,hiphop.00085.5.wav,hiphop,hiphop
4848,hiphop.00085.6.wav,hiphop,hiphop
4852,hiphop.00086.0.wav,hiphop,hiphop
4853,hiphop.00086.1.wav,hiphop,hiphop
4861,hiphop.00086.9.wav,hiphop,hiphop
4864,hiphop.00087.2.wav,hiphop,hiphop
4869,hiphop.00087.7.wav,hiphop,hiphop
4872,hiphop.00088.0.wav,hiphop,hiphop
4874,hiphop.00088.2.wav,hiphop,hiphop
4881,hiphop.00088.9.wav,hiphop,hiphop
4891,hiphop.00089.9.wav,hiphop,hiphop
4892,hiphop.00090.0.wav,hiphop,hiphop
4894,hiphop.00090.2.wav,hiphop,hiphop
4901,hiphop.00090.9.wav,hiphop,hiphop
4905,hiphop.00091.3.wav,hiphop,hiphop
4906,hiphop.00091.4.wav,hiphop,hiphop
4907,hiphop.00091.5.wav,hiphop,hiphop
4908,hiphop.00091.6.wav,hiphop,hiphop
4911,hiphop.00091.9.wav,hiphop,hiphop
4912,hiphop.00092.0.wav,hiphop,hiphop
4913,hiphop.00092.1.wav,hiphop,hiphop
4917,hiphop.00092.5.wav,hiphop,hiphop
4919,hiphop.00092.7.wav,hiphop,hiphop
4929,hiphop.00093.7.wav,hiphop,hiphop
4938,hiphop.00094.6.wav,hiphop,hiphop
4941,hiphop.00094.9.wav,hiphop,hiphop
4942,hiphop.00095.0.wav,hiphop,hiphop
4945,hiphop.00095.3.wav,hiphop,hiphop
4954,hiphop.00096.2.wav,hiphop,hiphop
4955,hiphop.00096.3.wav,hiphop,hiphop
4959,hiphop.00096.7.wav,hiphop,country
4960,hiphop.00096.8.wav,hiphop,hiphop
4964,hiphop.00097.2.wav,hiphop,hiphop
4965,hiphop.00097.3.wav,hiphop,hiphop
4969,hiphop.00097.7.wav,hiphop,hiphop
4974,hiphop.00098.2.wav,hiphop,hiphop
4976,hiphop.00098.4.wav,hiphop,hiphop
4977,hiphop.00098.5.wav,hiphop,hiphop
4981,hiphop.00098.9.wav,hiphop,hiphop
4987,hiphop.00099.5.wav,hiphop,hiphop
4991,hiphop.00099.9.wav,hiphop,hiphop
4994,jazz.00000.2.wav,jazz,classical
5006,jazz.00001.4.wav,jazz,classical
5007,jazz.00001.5.wav,jazz,jazz
5010,jazz.00001.8.wav,jazz,jazz
5013,jazz.00002.1.wav,jazz,classical
5022,jazz.00003.0.wav,jazz,jazz
5029,jazz.00003.7.wav,jazz,classical
5031,jazz.00003.9.wav,jazz,classical
5032,jazz.00004.0.wav,jazz,jazz
5035,jazz.00004.3.wav,jazz,jazz
5045,jazz.00005.3.wav,jazz,blues
5048,jazz.00005.6.wav,jazz,jazz
5052,jazz.00006.0.wav,jazz,jazz
5053,jazz.00006.1.wav,jazz,country
5057,jazz.00006.5.wav,jazz,jazz
5061,jazz.00006.9.wav,jazz,jazz
5065,jazz.00007.3.wav,jazz,jazz
5069,jazz.00007.7.wav,jazz,jazz
5073,jazz.00008.1.wav,jazz,country
5076,jazz.00008.4.wav,jazz,jazz
5081,jazz.00008.9.wav,jazz,jazz
5090,jazz.00009.8.wav,jazz,jazz
5091,jazz.00009.9.wav,jazz,jazz
5093,jazz.00010.1.wav,jazz,jazz
5094,jazz.00010.2.wav,jazz,classical
5099,jazz.00010.7.wav,jazz,jazz
5109,jazz.00011.7.wav,jazz,jazz
5112,jazz.00012.0.wav,jazz,jazz
5120,jazz.00012.8.wav,jazz,jazz
5125,jazz.00013.3.wav,jazz,jazz
5135,jazz.00014.3.wav,jazz,jazz
5136,jazz.00014.4.wav,jazz,classical
5138,jazz.00014.6.wav,jazz,classical
5141,jazz.00014.9.wav,jazz,classical
5143,jazz.00015.1.wav,jazz,jazz
5148,jazz.00015.6.wav,jazz,jazz
5151,jazz.00015.9.wav,jazz,jazz
5155,jazz.00016.3.wav,jazz,jazz
5158,jazz.00016.6.wav,jazz,jazz
5160,jazz.00016.8.wav,jazz,classical
5161,jazz.00016.9.wav,jazz,jazz
5164,jazz.00017.2.wav,jazz,jazz
5167,jazz.00017.5.wav,jazz,jazz
5175,jazz.00018.3.wav,jazz,jazz
5183,jazz.00019.1.wav,jazz,jazz
5191,jazz.00019.9.wav,jazz,jazz
5193,jazz.00020.1.wav,jazz,jazz
5201,jazz.00020.9.wav,jazz,jazz
5204,jazz.00021.2.wav,jazz,jazz
5207,jazz.00021.5.wav,jazz,jazz
5212,jazz.00022.0.wav,jazz,jazz
5218,jazz.00022.6.wav,jazz,jazz
5227,jazz.00023.5.wav,jazz,jazz
5228,jazz.00023.6.wav,jazz,jazz
5243,jazz.00025.1.wav,jazz,jazz
5248,jazz.00025.6.wav,jazz,jazz
5255,jazz.00026.3.wav,jazz,jazz
5256,jazz.00026.4.wav,jazz,jazz
5266,jazz.00027.4.wav,jazz,jazz
5268,jazz.00027.6.wav,jazz,jazz
5270,jazz.00027.8.wav,jazz,jazz
5274,jazz.00028.2.wav,jazz,jazz
5276,jazz.00028.4.wav,jazz,jazz
5281,jazz.00028.9.wav,jazz,jazz
5283,jazz.00029.1.wav,jazz,jazz
5285,jazz.00029.3.wav,jazz,jazz
5296,jazz.00030.4.wav,jazz,jazz
5299,jazz.00030.7.wav,jazz,jazz
5306,jazz.00031.4.wav,jazz,jazz
5319,jazz.00032.7.wav,jazz,jazz
5325,jazz.00033.3.wav,jazz,jazz
5326,jazz.00033.4.wav,jazz,jazz
5341,jazz.00034.9.wav,jazz,jazz
5344,jazz.00035.2.wav,jazz,jazz
5348,jazz.00035.6.wav,jazz,jazz
5352,jazz.00036.0.wav,jazz,jazz
5354,jazz.00036.2.wav,jazz,jazz
5359,jazz.00036.7.wav,jazz,jazz
5361,jazz.00036.9.wav,jazz,rock
5365,jazz.00037.3.wav,jazz,jazz
5366,jazz.00037.4.wav,jazz,jazz
5367,jazz.00037.5.wav,jazz,jazz
5371,jazz.00037.9.wav,jazz,jazz
5377,jazz.00038.5.wav,jazz,jazz
5380,jazz.00038.8.wav,jazz,jazz
5384,jazz.00039.2.wav,jazz,jazz
5386,jazz.00039.4.wav,jazz,jazz
5389,jazz.00039.7.wav,jazz,jazz
5395,jazz.00040.3.wav,jazz,jazz
5396,jazz.00040.4.wav,jazz,jazz
5397,jazz.00040.5.wav,jazz,jazz
5406,jazz.00041.4.wav,jazz,jazz
5415,jazz.00042.3.wav,jazz,jazz
5419,jazz.00042.7.wav,jazz,jazz
5421,jazz.00042.9.wav,jazz,jazz
5422,jazz.00043.0.wav,jazz,jazz
5423,jazz.00043.1.wav,jazz,jazz
5426,jazz.00043.4.wav,jazz,jazz
5438,jazz.00044.6.wav,jazz,jazz
5439,jazz.00044.7.wav,jazz,jazz
5450,jazz.00045.8.wav,jazz,jazz
5457,jazz.00046.5.wav,jazz,jazz
5458,jazz.00046.6.wav,jazz,jazz
5462,jazz.00047.0.wav,jazz,jazz
5464,jazz.00047.2.wav,jazz,jazz
5467,jazz.00047.5.wav,jazz,jazz
5473,jazz.00048.1.wav,jazz,jazz
5474,jazz.00048.2.wav,jazz,jazz
5476,jazz.00048.4.wav,jazz,jazz
5485,jazz.00049.3.wav,jazz,jazz
5488,jazz.00049.6.wav,jazz,jazz
5493,jazz.00050.1.wav,jazz,jazz
5498,jazz.00050.6.wav,jazz,jazz
5500,jazz.00050.8.wav,jazz,jazz
5502,jazz.00051.0.wav,jazz,jazz
5505,jazz.00051.3.wav,jazz,jazz
5506,jazz.00051.4.wav,jazz,jazz
5508,jazz.00051.6.wav,jazz,jazz
5510,jazz.00051.8.wav,jazz,jazz
5515,jazz.00052.3.wav,jazz,jazz
5519,jazz.00052.7.wav,jazz,jazz
5523,jazz.00053.1.wav,jazz,jazz
5530,jazz.00053.8.wav,jazz,jazz
5543,jazz.00055.1.wav,jazz,jazz
5544,jazz.00055.2.wav,jazz,jazz
5552,jazz.00056.0.wav,jazz,country
5553,jazz.00056.1.wav,jazz,jazz
5555,jazz.00056.3.wav,jazz,jazz
5556,jazz.00056.4.wav,jazz,jazz
5561,jazz.00056.9.wav,jazz,jazz
5562,jazz.00057.0.wav,jazz,jazz
5564,jazz.00057.2.wav,jazz,jazz
5570,jazz.00057.8.wav,jazz,jazz
5573,jazz.00058.1.wav,jazz,jazz
5579,jazz.00058.7.wav,jazz,jazz
5581,jazz.00058.9.wav,jazz,jazz
5587,jazz.00059.5.wav,jazz,jazz
5589,jazz.00059.7.wav,jazz,jazz
5591,jazz.00059.9.wav,jazz,jazz
5601,jazz.00060.9.wav,jazz,jazz
5602,jazz.00061.0.wav,jazz,jazz
5607,jazz.00061.5.wav,jazz,jazz
5611,jazz.00061.9.wav,jazz,jazz
5613,jazz.00062.1.wav,jazz,jazz
5615,jazz.00062.3.wav,jazz,jazz
5617,jazz.00062.5.wav,jazz,jazz
5619,jazz.00062.7.wav,jazz,jazz
5622,jazz.00063.0.wav,jazz,jazz
5624,jazz.00063.2.wav,jazz,jazz
5629,jazz.00063.7.wav,jazz,jazz
5634,jazz.00064.2.wav,jazz,jazz
5639,jazz.00064.7.wav,jazz,jazz
5643,jazz.00065.1.wav,jazz,jazz
5646,jazz.00065.4.wav,jazz,jazz
5647,jazz.00065.5.wav,jazz,jazz
5649,jazz.00065.7.wav,jazz,jazz
5653,jazz.00066.1.wav,jazz,jazz
5654,jazz.00066.2.wav,jazz,jazz
5658,jazz.00066.6.wav,jazz,jazz
5659,jazz.00066.7.wav,jazz,jazz
5667,jazz.00067.5.wav,jazz,jazz
5670,jazz.00067.8.wav,jazz,jazz
5676,jazz.00068.4.wav,jazz,jazz
5680,jazz.00068.8.wav,jazz,jazz
5689,jazz.00069.7.wav,jazz,jazz
5690,jazz.00069.8.wav,jazz,jazz
5700,jazz.00070.8.wav,jazz,jazz
5702,jazz.00071.0.wav,jazz,jazz
5706,jazz.00071.4.wav,jazz,jazz
5716,jazz.00072.4.wav,jazz,jazz
5724,jazz.00073.2.wav,jazz,disco
5725,jazz.00073.3.wav,jazz,jazz
5728,jazz.00073.6.wav,jazz,jazz
5731,jazz.00073.9.wav,jazz,jazz
5733,jazz.00074.1.wav,jazz,jazz
5737,jazz.00074.5.wav,jazz,jazz
5741,jazz.00074.9.wav,jazz,jazz
5744,jazz.00075.2.wav,jazz,jazz
5747,jazz.00075.5.wav,jazz,jazz
5755,jazz.00076.3.wav,jazz,jazz
5758,jazz.00076.6.wav,jazz,jazz
5759,jazz.00076.7.wav,jazz,jazz
5762,jazz.00077.0.wav,jazz,jazz
5765,jazz.00077.3.wav,jazz,jazz
5766,jazz.00077.4.wav,jazz,jazz
5767,jazz.00077.5.wav,jazz,jazz
5768,jazz.00077.6.wav,jazz,jazz
5771,jazz.00077.9.wav,jazz,jazz
5773,jazz.00078.1.wav,jazz,country
5777,jazz.00078.5.wav,jazz,jazz
5782,jazz.00079.0.wav,jazz,jazz
5784,jazz.00079.2.wav,jazz,jazz
5786,jazz.00079.4.wav,jazz,jazz
5787,jazz.00079.5.wav,jazz,jazz
5792,jazz.00080.0.wav,jazz,jazz
5796,jazz.00080.4.wav,jazz,jazz
5799,jazz.00080.7.wav,jazz,jazz
5800,jazz.00080.8.wav,jazz,jazz
5804,jazz.00081.2.wav,jazz,jazz
5806,jazz.00081.4.wav,jazz,jazz
5808,jazz.00081.6.wav,jazz,jazz
5809,jazz.00081.7.wav,jazz,jazz
5813,jazz.00082.1.wav,jazz,jazz
5815,jazz.00082.3.wav,jazz,jazz
5822,jazz.00083.0.wav,jazz,jazz
5825,jazz.00083.3.wav,jazz,jazz
5840,jazz.00084.8.wav,jazz,jazz
5842,jazz.00085.0.wav,jazz,jazz
5844,jazz.00085.2.wav,jazz,jazz
5845,jazz.00085.3.wav,jazz,jazz
5848,jazz.00085.6.wav,jazz,jazz
5849,jazz.00085.7.wav,jazz,country
5850,jazz.00085.8.wav,jazz,jazz
5852,jazz.00086.0.wav,jazz,jazz
5853,jazz.00086.1.wav,jazz,jazz
5858,jazz.00086.6.wav,jazz,jazz
5861,jazz.00086.9.wav,jazz,jazz
5862,jazz.00087.0.wav,jazz,jazz
5863,jazz.00087.1.wav,jazz,jazz
5865,jazz.00087.3.wav,jazz,jazz
5866,jazz.00087.4.wav,jazz,jazz
5867,jazz.00087.5.wav,jazz,jazz
5877,jazz.00088.5.wav,jazz,jazz
5882,jazz.00089.0.wav,jazz,jazz
5885,jazz.00089.3.wav,jazz,jazz
5889,jazz.00089.7.wav,jazz,jazz
5893,jazz.00090.1.wav,jazz,jazz
5894,jazz.00090.2.wav,jazz,jazz
5897,jazz.00090.5.wav,jazz,jazz
5900,jazz.00090.8.wav,jazz,jazz
5909,jazz.00091.7.wav,jazz,jazz
5911,jazz.00091.9.wav,jazz,jazz
5915,jazz.00092.3.wav,jazz,jazz
5916,jazz.00092.4.wav,jazz,jazz
5917,jazz.00092.5.wav,jazz,jazz
5921,jazz.00092.9.wav,jazz,jazz
5923,jazz.00093.1.wav,jazz,jazz
5924,jazz.00093.2.wav,jazz,jazz
5929,jazz.00093.7.wav,jazz,jazz
5931,jazz.00093.9.wav,jazz,jazz
5939,jazz.00094.7.wav,jazz,jazz
5943,jazz.00095.1.wav,jazz,jazz
5950,jazz.00095.8.wav,jazz,jazz
5953,jazz.00096.1.wav,jazz,jazz
5961,jazz.00096.9.wav,jazz,jazz
5976,jazz.00098.4.wav,jazz,jazz
5977,jazz.00098.5.wav,jazz,jazz
5979,jazz.00098.7.wav,jazz,jazz
5981,jazz.00098.9.wav,jazz,jazz
5987,jazz.00099.5.wav,jazz,jazz
5990,jazz.00099.8.wav,jazz,jazz
5996,metal.00000.4.wav,metal,metal
6002,metal.00001.0.wav,metal,metal
6014,metal.00002.2.wav,metal,metal
6016,metal.00002.4.wav,metal,metal
6020,metal.00002.8.wav,metal,rock
6027,metal.00003.5.wav,metal,metal
6030,metal.00003.8.wav,metal,metal
6045,metal.00005.3.wav,metal,metal
6052,metal.00006.0.wav,metal,metal
6054,metal.00006.2.wav,metal,metal
6065,metal.00007.3.wav,metal,metal
6069,metal.00007.7.wav,metal,metal
6070,metal.00007.8.wav,metal,metal
6071,metal.00007.9.wav,metal,metal
6073,metal.00008.1.wav,metal,metal
6080,metal.00008.8.wav,metal,metal
6083,metal.00009.1.wav,metal,metal
6085,metal.00009.3.wav,metal,metal
6095,metal.00010.3.wav,metal,metal
6104,metal.00011.2.wav,metal,metal
6105,metal.00011.3.wav,metal,metal
6106,metal.00011.4.wav,metal,metal
6107,metal.00011.5.wav,metal,metal
6111,metal.00011.9.wav,metal,metal
6121,metal.00012.9.wav,metal,metal
6122,metal.00013.0.wav,metal,metal
6129,metal.00013.7.wav,metal,metal
6134,metal.00014.2.wav,metal,metal
6138,metal.00014.6.wav,metal,metal
6139,metal.00014.7.wav,metal,metal
6140,metal.00014.8.wav,metal,metal
6143,metal.00015.1.wav,metal,metal
6145,metal.00015.3.wav,metal,metal
6146,metal.00015.4.wav,metal,metal
6150,metal.00015.8.wav,metal,metal
6152,metal.00016.0.wav,metal,metal
6161,metal.00016.9.wav,metal,metal
6165,metal.00017.3.wav,metal,metal
6168,metal.00017.6.wav,metal,metal
6170,metal.00017.8.wav,metal,metal
6171,metal.00017.9.wav,metal,metal
6174,metal.00018.2.wav,metal,metal
6178,metal.00018.6.wav,metal,metal
6193,metal.00020.1.wav,metal,metal
6201,metal.00020.9.wav,metal,metal
6203,metal.00021.1.wav,metal,metal
6204,metal.00021.2.wav,metal,metal
6207,metal.00021.5.wav,metal,metal
6224,metal.00023.2.wav,metal,metal
6227,metal.00023.5.wav,metal,metal
6233,metal.00024.1.wav,metal,metal
6244,metal.00025.2.wav,metal,metal
6259,metal.00026.7.wav,metal,metal
6261,metal.00026.9.wav,metal,metal
6263,metal.00027.1.wav,metal,metal
6268,metal.00027.6.wav,metal,metal
6270,metal.00027.8.wav,metal,metal
6277,metal.00028.5.wav,metal,metal
6283,metal.00029.1.wav,metal,metal
6289,metal.00029.7.wav,metal,metal
6293,metal.00030.1.wav,metal,metal
6295,metal.00030.3.wav,metal,metal
6296,metal.00030.4.wav,metal,metal
6301,metal.00030.9.wav,metal,metal
6303,metal.00031.1.wav,metal,metal
6308,metal.00031.6.wav,metal,metal
6311,metal.00031.9.wav,metal,metal
6317,metal.00032.5.wav,metal,metal
6320,metal.00032.8.wav,metal,metal
6322,metal.00033.0.wav,metal,metal
6329,metal.00033.7.wav,metal,metal
6332,metal.00034.0.wav,metal,metal
6338,metal.00034.6.wav,metal,metal
6340,metal.00034.8.wav,metal,metal
6346,metal.00035.4.wav,metal,metal
6352,metal.00036.0.wav,metal,metal
6353,metal.00036.1.wav,metal,metal
6357,metal.00036.5.wav,metal,metal
6358,metal.00036.6.wav,metal,metal
6360,metal.00036.8.wav,metal,metal
6366,metal.00037.4.wav,metal,metal
6370,metal.00037.8.wav,metal,metal
6371,metal.00037.9.wav,metal,metal
6375,metal.00038.3.wav,metal,blues
6376,metal.00038.4.wav,metal,metal
6377,metal.00038.5.wav,metal,metal
6380,metal.00038.8.wav,metal,metal
6381,metal.00038.9.wav,metal,hiphop
6387,metal.00039.5.wav,metal,metal
6392,metal.00040.0.wav,metal,metal
6399,metal.00040.7.wav,metal,metal
6404,metal.00041.2.wav,metal,metal
6408,metal.00041.6.wav,metal,metal
6409,metal.00041.7.wav,metal,metal
6411,metal.00041.9.wav,metal,metal
6412,metal.00042.0.wav,metal,metal
6419,metal.00042.7.wav,metal,metal
6420,metal.00042.8.wav,metal,metal
6423,metal.00043.1.wav,metal,metal
6427,metal.00043.5.wav,metal,metal
6428,metal.00043.6.wav,metal,metal
6436,metal.00044.4.wav,metal,metal
6443,metal.00045.1.wav,metal,metal
6444,metal.00045.2.wav,metal,metal
6456,metal.00046.4.wav,metal,metal
6469,metal.00047.7.wav,metal,metal
6470,metal.00047.8.wav,metal,metal
6478,metal.00048.6.wav,metal,metal
6479,metal.00048.7.wav,metal,metal
6481,metal.00048.9.wav,metal,metal
6485,metal.00049.3.wav,metal,metal
6492,metal.00050.0.wav,metal,metal
6495,metal.00050.3.wav,metal,metal
6499,metal.00050.7.wav,metal,metal
6500,metal.00050.8.wav,metal,metal
6502,metal.00051.0.wav,metal,metal
6503,metal.00051.1.wav,metal,metal
6510,metal.00051.8.wav,metal,metal
6519,metal.00052.7.wav,metal,metal
6522,metal.00053.0.wav,metal,metal
6524,metal.00053.2.wav,metal,metal
6526,metal.00053.4.wav,metal,metal
6528,metal.00053.6.wav,metal,metal
6529,metal.00053.7.wav,metal,metal
6530,metal.00053.8.wav,metal,metal
6533,metal.00054.1.wav,metal,metal
6539,metal.00054.7.wav,metal,metal
6543,metal.00055.1.wav,metal,metal
6544,metal.00055.2.wav,metal,metal
6551,metal.00055.9.wav,metal,metal
6553,metal.00056.1.wav,metal,metal
6554,metal.00056.2.wav,metal,metal
6561,metal.00056.9.wav,metal,metal
6562,metal.00057.0.wav,metal,metal
6563,metal.00057.1.wav,metal,metal
6565,metal.00057.3.wav,metal,metal
6568,metal.00057.6.wav,metal,metal
6575,metal.00058.3.wav,metal,rock
6577,metal.00058.5.wav,metal,rock
6581,metal.00058.9.wav,metal,rock
6585,metal.00059.3.wav,metal,metal
6586,metal.00059.4.wav,metal,metal
6600,metal.00060.8.wav,metal,metal
6604,metal.00061.2.wav,metal,metal
6608,metal.00061.6.wav,metal,metal
6609,metal.00061.7.wav,metal,metal
6610,metal.00061.8.wav,metal,metal
6611,metal.00061.9.wav,metal,metal
6617,metal.00062.5.wav,metal,metal
6625,metal.00063.3.wav,metal,metal
6630,metal.00063.8.wav,metal,metal
6635,metal.00064.3.wav,metal,metal
6640,metal.00064.8.wav,metal,metal
6645,metal.00065.3.wav,metal,metal
6648,metal.00065.6.wav,metal,metal
6652,metal.00066.0.wav,metal,metal
6658,metal.00066.6.wav,metal,metal
6659,metal.00066.7.wav,metal,metal
6662,metal.00067.0.wav,metal,metal
6664,metal.00067.2.wav,metal,metal
6665,metal.00067.3.wav,metal,metal
6678,metal.00068.6.wav,metal,rock
6680,metal.00068.8.wav,metal,metal
6681,metal.00068.9.wav,metal,metal
6689,metal.00069.7.wav,metal,metal
6691,metal.00069.9.wav,metal,metal
6692,metal.00070.0.wav,metal,metal
6694,metal.00070.2.wav,metal,disco
6696,metal.00070.4.wav,metal,metal
6698,metal.00070.6.wav,metal,disco
6699,metal.00070.7.wav,metal,metal
6701,metal.00070.9.wav,metal,metal
6705,metal.00071.3.wav,metal,metal
6711,metal.00071.9.wav,metal,metal
6714,metal.00072.2.wav,metal,metal
6715,metal.00072.3.wav,metal,metal
6719,metal.00072.7.wav,metal,metal
6721,metal.00072.9.wav,metal,metal
6725,metal.00073.3.wav,metal,metal
6726,metal.00073.4.wav,metal,metal
6727,metal.00073.5.wav,metal,metal
6733,metal.00074.1.wav,metal,metal
6736,metal.00074.4.wav,metal,metal
6739,metal.00074.7.wav,metal,metal
6746,metal.00075.4.wav,metal,metal
6747,metal.00075.5.wav,metal,metal
6751,metal.00075.9.wav,metal,metal
6752,metal.00076.0.wav,metal,metal
6755,metal.00076.3.wav,metal,metal
6756,metal.00076.4.wav,metal,metal
6759,metal.00076.7.wav,metal,metal
6760,metal.00076.8.wav,metal,metal
6765,metal.00077.3.wav,metal,metal
6775,metal.00078.3.wav,metal,metal
6778,metal.00078.6.wav,metal,metal
6782,metal.00079.0.wav,metal,disco
6783,metal.00079.1.wav,metal,metal
6787,metal.00079.5.wav,metal,metal
6788,metal.00079.6.wav,metal,disco
6796,metal.00080.4.wav,metal,metal
6800,metal.00080.8.wav,metal,metal
6802,metal.00081.0.wav,metal,metal
6804,metal.00081.2.wav,metal,metal
6806,metal.00081.4.wav,metal,metal
6808,metal.00081.6.wav,metal,metal
6810,metal.00081.8.wav,metal,metal
6813,metal.00082.1.wav,metal,metal
6816,metal.00082.4.wav,metal,metal
6817,metal.00082.5.wav,metal,metal
6821,metal.00082.9.wav,metal,metal
6823,metal.00083.1.wav,metal,metal
6825,metal.00083.3.wav,metal,metal
6826,metal.00083.4.wav,metal,metal
6828,metal.00083.6.wav,metal,metal
6829,metal.00083.7.wav,metal,metal
6836,metal.00084.4.wav,metal,metal
6842,metal.00085.0.wav,metal,metal
6845,metal.00085.3.wav,metal,metal
6846,metal.00085.4.wav,metal,metal
6851,metal.00085.9.wav,metal,metal
6856,metal.00086.4.wav,metal,metal
6863,metal.00087.1.wav,metal,metal
6864,metal.00087.2.wav,metal,metal
6866,metal.00087.4.wav,metal,metal
6868,metal.00087.6.wav,metal,metal
6877,metal.00088.5.wav,metal,metal
6879,metal.00088.7.wav,metal,metal
6880,metal.00088.8.wav,metal,metal
6881,metal.00088.9.wav,metal,metal
6882,metal.00089.0.wav,metal,metal
6891,metal.00089.9.wav,metal,blues
6896,metal.00090.4.wav,metal,metal
6901,metal.00090.9.wav,metal,metal
6903,metal.00091.1.wav,metal,metal
6908,metal.00091.6.wav,metal,rock
6909,metal.00091.7.wav,metal,metal
6912,metal.00092.0.wav,metal,metal
6914,metal.00092.2.wav,metal,metal
6916,metal.00092.4.wav,metal,metal
6917,metal.00092.5.wav,metal,rock
6918,metal.00092.6.wav,metal,metal
6929,metal.00093.7.wav,metal,metal
6931,metal.00093.9.wav,metal,metal
6933,metal.00094.1.wav,metal,metal
6934,metal.00094.2.wav,metal,metal
6938,metal.00094.6.wav,metal,metal
6942,metal.00095.0.wav,metal,metal
6943,metal.00095.1.wav,metal,metal
6944,metal.00095.2.wav,metal,metal
6954,metal.00096.2.wav,metal,metal
6955,metal.00096.3.wav,metal,hiphop
6965,metal.00097.3.wav,metal,metal
6970,metal.00097.8.wav,metal,metal
6975,metal.00098.3.wav,metal,metal
6976,metal.00098.4.wav,metal,metal
6978,metal.00098.6.wav,metal,metal
6982,metal.00099.0.wav,metal,hiphop
6983,metal.00099.1.wav,metal,hiphop
6986,metal.00099.4.wav,metal,metal
6993,pop.00000.1.wav,pop,pop
6997,pop.00000.5.wav,pop,pop
7001,pop.00000.9.wav,pop,pop
7003,pop.00001.1.wav,pop,pop
7004,pop.00001.2.wav,pop,pop
7005,pop.00001.3.wav,pop,pop
7010,pop.00001.8.wav,pop,pop
7024,pop.00003.2.wav,pop,pop
7028,pop.00003.6.wav,pop,rock
7029,pop.00003.7.wav,pop,pop
7036,pop.00004.4.wav,pop,pop
7037,pop.00004.5.wav,pop,pop
7040,pop.00004.8.wav,pop,pop
7041,pop.00004.9.wav,pop,pop
7045,pop.00005.3.wav,pop,country
7049,pop.00005.7.wav,pop,pop
7051,pop.00005.9.wav,pop,pop
7057,pop.00006.5.wav,pop,country
7059,pop.00006.7.wav,pop,pop
7061,pop.00006.9.wav,pop,pop
7062,pop.00007.0.wav,pop,reggae
7065,pop.00007.3.wav,pop,pop
7066,pop.00007.4.wav,pop,pop
7067,pop.00007.5.wav,pop,pop
7070,pop.00007.8.wav,pop,jazz
7071,pop.00007.9.wav,pop,classical
7072,pop.00008.0.wav,pop,reggae
7076,pop.00008.4.wav,pop,pop
7079,pop.00008.7.wav,pop,pop
7081,pop.00008.9.wav,pop,pop
7084,pop.00009.2.wav,pop,disco
7085,pop.00009.3.wav,pop,disco
7088,pop.00009.6.wav,pop,pop
7089,pop.00009.7.wav,pop,pop
7092,pop.00010.0.wav,pop,pop
7093,pop.00010.1.wav,pop,reggae
7094,pop.00010.2.wav,pop,reggae
7097,pop.00010.5.wav,pop,pop
7103,pop.00011.1.wav,pop,pop
7104,pop.00011.2.wav,pop,pop
7115,pop.00012.3.wav,pop,pop
7119,pop.00012.7.wav,pop,disco
7123,pop.00013.1.wav,pop,pop
7126,pop.00013.4.wav,pop,pop
7130,pop.00013.8.wav,pop,pop
7133,pop.00014.1.wav,pop,pop
7134,pop.00014.2.wav,pop,pop
7136,pop.00014.4.wav,pop,rock
7141,pop.00014.9.wav,pop,rock
7144,pop.00015.2.wav,pop,pop
7145,pop.00015.3.wav,pop,pop
7146,pop.00015.4.wav,pop,pop
7151,pop.00015.9.wav,pop,pop
7159,pop.00016.7.wav,pop,pop
7166,pop.00017.4.wav,pop,pop
7169,pop.00017.7.wav,pop,pop
7180,pop.00018.8.wav,pop,pop
7183,pop.00019.1.wav,pop,pop
7184,pop.00019.2.wav,pop,pop
7186,pop.00019.4.wav,pop,pop
7187,pop.00019.5.wav,pop,pop
7188,pop.00019.6.wav,pop,pop
7195,pop.00020.3.wav,pop,pop
7196,pop.00020.4.wav,pop,pop
7205,pop.00021.3.wav,pop,hiphop
7207,pop.00021.5.wav,pop,pop
7220,pop.00022.8.wav,pop,pop
7222,pop.00023.0.wav,pop,pop
7227,pop.00023.5.wav,pop,pop
7229,pop.00023.7.wav,pop,pop
7244,pop.00025.2.wav,pop,pop
7248,pop.00025.6.wav,pop,pop
7249,pop.00025.7.wav,pop,pop
7260,pop.00026.8.wav,pop,pop
7269,pop.00027.7.wav,pop,pop
7271,pop.00027.9.wav,pop,pop
7273,pop.00028.1.wav,pop,pop
7287,pop.00029.5.wav,pop,pop
7289,pop.00029.7.wav,pop,pop
7292,pop.00030.0.wav,pop,pop
7293,pop.00030.1.wav,pop,pop
7301,pop.00030.9.wav,pop,pop
7310,pop.00031.8.wav,pop,pop
7312,pop.00032.0.wav,pop,pop
7317,pop.00032.5.wav,pop,pop
7331,pop.00033.9.wav,pop,pop
7336,pop.00034.4.wav,pop,pop
7337,pop.00034.5.wav,pop,pop
7344,pop.00035.2.wav,pop,pop
7348,pop.00035.6.wav,pop,pop
7349,pop.00035.7.wav,pop,pop
7351,pop.00035.9.wav,pop,pop
7356,pop.00036.4.wav,pop,pop
7371,pop.00037.9.wav,pop,pop
7372,pop.00038.0.wav,pop,pop
7375,pop.00038.3.wav,pop,pop
7376,pop.00038.4.wav,pop,pop
7386,pop.00039.4.wav,pop,pop
7389,pop.00039.7.wav,pop,pop
7390,pop.00039.8.wav,pop,pop
7394,pop.00040.2.wav,pop,pop
7395,pop.00040.3.wav,pop,pop
7402,pop.00041.0.wav,pop,pop
7403,pop.00041.1.wav,pop,pop
7409,pop.00041.7.wav,pop,country
7411,pop.00041.9.wav,pop,pop
7412,pop.00042.0.wav,pop,pop
7417,pop.00042.5.wav,pop,pop
7419,pop.00042.7.wav,pop,pop
7424,pop.00043.2.wav,pop,hiphop
7429,pop.00043.7.wav,pop,disco
7431,pop.00043.9.wav,pop,pop
7437,pop.00044.5.wav,pop,pop
7438,pop.00044.6.wav,pop,pop
7442,pop.00045.0.wav,pop,pop
7446,pop.00045.4.wav,pop,pop
7447,pop.00045.5.wav,pop,pop
7449,pop.00045.7.wav,pop,pop
7450,pop.00045.8.wav,pop,pop
7453,pop.00046.1.wav,pop,pop
7460,pop.00046.8.wav,pop,pop
7464,pop.00047.2.wav,pop,pop
7470,pop.00047.8.wav,pop,pop
7471,pop.00047.9.wav,pop,pop
7472,pop.00048.0.wav,pop,pop
7473,pop.00048.1.wav,pop,pop
7479,pop.00048.7.wav,pop,pop
7480,pop.00048.8.wav,pop,pop
7481,pop.00048.9.wav,pop,pop
7490,pop.00049.8.wav,pop,pop
7491,pop.00049.9.wav,pop,pop
7492,pop.00050.0.wav,pop,pop
7495,pop.00050.3.wav,pop,hiphop
7506,pop.00051.4.wav,pop,pop
7507,pop.00051.5.wav,pop,pop
7510,pop.00051.8.wav,pop,pop
7512,pop.00052.0.wav,pop,pop
7519,pop.00052.7.wav,pop,pop
7522,pop.00053.0.wav,pop,pop
7523,pop.00053.1.wav,pop,pop
7529,pop.00053.7.wav,pop,pop
7536,pop.00054.4.wav,pop,pop
7542,pop.00055.0.wav,pop,pop
7544,pop.00055.2.wav,pop,pop
7554,pop.00056.2.wav,pop,pop
7555,pop.00056.3.wav,pop,pop
7561,pop.00056.9.wav,pop,pop
7562,pop.00057.0.wav,pop,pop
7564,pop.00057.2.wav,pop,pop
7569,pop.00057.7.wav,pop,pop
7571,pop.00057.9.wav,pop,pop
7575,pop.00058.3.wav,pop,pop
7580,pop.00058.8.wav,pop,pop
7582,pop.00059.0.wav,pop,pop
7584,pop.00059.2.wav,pop,pop
7585,pop.00059.3.wav,pop,pop
7586,pop.00059.4.wav,pop,pop
7602,pop.00061.0.wav,pop,pop
7604,pop.00061.2.wav,pop,pop
7619,pop.00062.7.wav,pop,pop
7621,pop.00062.9.wav,pop,pop
7624,pop.00063.2.wav,pop,pop
7625,pop.00063.3.wav,pop,pop
7626,pop.00063.4.wav,pop,pop
7634,pop.00064.2.wav,pop,pop
7643,pop.00065.1.wav,pop,pop
7645,pop.00065.3.wav,pop,pop
7647,pop.00065.5.wav,pop,pop
7654,pop.00066.2.wav,pop,pop
7668,pop.00067.6.wav,pop,pop
7682,pop.00069.0.wav,pop,pop
7684,pop.00069.2.wav,pop,pop
7691,pop.00069.9.wav,pop,pop
7706,pop.00071.4.wav,pop,pop
7712,pop.00072.0.wav,pop,pop
7714,pop.00072.2.wav,pop,pop
7720,pop.00072.8.wav,pop,pop
7724,pop.00073.2.wav,pop,pop
7725,pop.00073.3.wav,pop,pop
7727,pop.00073.5.wav,pop,pop
7733,pop.00074.1.wav,pop,pop
7735,pop.00074.3.wav,pop,pop
7736,pop.00074.4.wav,pop,pop
7739,pop.00074.7.wav,pop,pop
7743,pop.00075.1.wav,pop,pop
7749,pop.00075.7.wav,pop,pop
7753,pop.00076.1.wav,pop,pop
7778,pop.00078.6.wav,pop,pop
7784,pop.00079.2.wav,pop,pop
7785,pop.00079.3.wav,pop,rock
7790,pop.00079.8.wav,pop,pop
7792,pop.00080.0.wav,pop,pop
7795,pop.00080.3.wav,pop,pop
7797,pop.00080.5.wav,pop,pop
7801,pop.00080.9.wav,pop,pop
7805,pop.00081.3.wav,pop,pop
7811,pop.00081.9.wav,pop,reggae
7816,pop.00082.4.wav,pop,pop
7818,pop.00082.6.wav,pop,pop
7835,pop.00084.3.wav,pop,pop
7836,pop.00084.4.wav,pop,pop
7839,pop.00084.7.wav,pop,hiphop
7840,pop.00084.8.wav,pop,pop
7842,pop.00085.0.wav,pop,pop
7846,pop.00085.4.wav,pop,pop
7849,pop.00085.7.wav,pop,pop
7850,pop.00085.8.wav,pop,reggae
7851,pop.00085.9.wav,pop,jazz
7856,pop.00086.4.wav,pop,pop
7863,pop.00087.1.wav,pop,pop
7864,pop.00087.2.wav,pop,pop
7866,pop.00087.4.wav,pop,pop
7867,pop.00087.5.wav,pop,pop
7868,pop.00087.6.wav,pop,pop
7876,pop.00088.4.wav,pop,pop
7884,pop.00089.2.wav,pop,pop
7895,pop.00090.3.wav,pop,pop
7906,pop.00091.4.wav,pop,pop
7908,pop.00091.6.wav,pop,pop
7913,pop.00092.1.wav,pop,pop
7914,pop.00092.2.wav,pop,pop
7919,pop.00092.7.wav,pop,pop
7926,pop.00093.4.wav,pop,pop
7928,pop.00093.6.wav,pop,pop
7936,pop.00094.4.wav,pop,pop
7937,pop.00094.5.wav,pop,pop
7938,pop.00094.6.wav,pop,pop
7940,pop.00094.8.wav,pop,pop
7941,pop.00094.9.wav,pop,pop
7956,pop.00096.4.wav,pop,pop
7959,pop.00096.7.wav,pop,pop
7960,pop.00096.8.wav,pop,pop
7962,pop.00097.0.wav,pop,pop
7967,pop.00097.5.wav,pop,pop
7968,pop.00097.6.wav,pop,pop
7969,pop.00097.7.wav,pop,pop
7971,pop.00097.9.wav,pop,pop
7972,pop.00098.0.wav,pop,pop
7973,pop.00098.1.wav,pop,pop
7974,pop.00098.2.wav,pop,pop
7985,pop.00099.3.wav,pop,pop
7987,pop.00099.5.wav,pop,pop
7993,reggae.00000.1.wav,reggae,reggae
7995,reggae.00000.3.wav,reggae,reggae
7996,reggae.00000.4.wav,reggae,reggae
8009,reggae.00001.7.wav,reggae,reggae
8016,reggae.00002.4.wav,reggae,reggae
8017,reggae.00002.5.wav,reggae,reggae
8023,reggae.00003.1.wav,reggae,reggae
8026,reggae.00003.4.wav,reggae,reggae
8030,reggae.00003.8.wav,reggae,reggae
8036,reggae.00004.4.wav,reggae,reggae
8037,reggae.00004.5.wav,reggae,reggae
8042,reggae.00005.0.wav,reggae,reggae
8051,reggae.00005.9.wav,reggae,reggae
8052,reggae.00006.0.wav,reggae,country
8059,reggae.00006.7.wav,reggae,reggae
8060,reggae.00006.8.wav,reggae,reggae
8069,reggae.00007.7.wav,reggae,reggae
8070,reggae.00007.8.wav,reggae,reggae
8074,reggae.00008.2.wav,reggae,reggae
8077,reggae.00008.5.wav,reggae,reggae
8078,reggae.00008.6.wav,reggae,reggae
8079,reggae.00008.7.wav,reggae,reggae
8083,reggae.00009.1.wav,reggae,reggae
8089,reggae.00009.7.wav,reggae,reggae
8095,reggae.00010.3.wav,reggae,reggae
8097,reggae.00010.5.wav,reggae,reggae
8104,reggae.00011.2.wav,reggae,reggae
8114,reggae.00012.2.wav,reggae,reggae
8115,reggae.00012.3.wav,reggae,reggae
8119,reggae.00012.7.wav,reggae,reggae
8120,reggae.00012.8.wav,reggae,reggae
8122,reggae.00013.0.wav,reggae,reggae
8123,reggae.00013.1.wav,reggae,reggae
8126,reggae.00013.4.wav,reggae,reggae
8127,reggae.00013.5.wav,reggae,reggae
8129,reggae.00013.7.wav,reggae,reggae
8135,reggae.00014.3.wav,reggae,reggae
8136,reggae.00014.4.wav,reggae,reggae
8138,reggae.00014.6.wav,reggae,reggae
8148,reggae.00015.6.wav,reggae,reggae
8151,reggae.00015.9.wav,reggae,reggae
8154,reggae.00016.2.wav,reggae,reggae
8162,reggae.00017.0.wav,reggae,reggae
8164,reggae.00017.2.wav,reggae,reggae
8168,reggae.00017.6.wav,reggae,reggae
8170,reggae.00017.8.wav,reggae,reggae
8176,reggae.00018.4.wav,reggae,reggae
8180,reggae.00018.8.wav,reggae,reggae
8187,reggae.00019.5.wav,reggae,reggae
8188,reggae.00019.6.wav,reggae,reggae
8193,reggae.00020.1.wav,reggae,reggae
8195,reggae.00020.3.wav,reggae,reggae
8198,reggae.00020.6.wav,reggae,reggae
8201,reggae.00020.9.wav,reggae,reggae
8203,reggae.00021.1.wav,reggae,rock
8205,reggae.00021.3.wav,reggae,reggae
8206,reggae.00021.4.wav,reggae,reggae
8207,reggae.00021.5.wav,reggae,reggae
8209,reggae.00021.7.wav,reggae,reggae
8212,reggae.00022.0.wav,reggae,reggae
8215,reggae.00022.3.wav,reggae,reggae
8219,reggae.00022.7.wav,reggae,reggae
8223,reggae.00023.1.wav,reggae,reggae
8228,reggae.00023.6.wav,reggae,reggae
8234,reggae.00024.2.wav,reggae,reggae
8236,reggae.00024.4.wav,reggae,reggae
8241,reggae.00024.9.wav,reggae,reggae
8242,reggae.00025.0.wav,reggae,reggae
8243,reggae.00025.1.wav,reggae,reggae
8245,reggae.00025.3.wav,reggae,reggae
8256,reggae.00026.4.wav,reggae,reggae
8258,reggae.00026.6.wav,reggae,reggae
8262,reggae.00027.0.wav,reggae,reggae
8263,reggae.00027.1.wav,reggae,reggae
8265,reggae.00027.3.wav,reggae,reggae
8270,reggae.00027.8.wav,reggae,reggae
8271,reggae.00027.9.wav,reggae,reggae
8274,reggae.00028.2.wav,reggae,reggae
8278,reggae.00028.6.wav,reggae,reggae
8284,reggae.00029.2.wav,reggae,reggae
8293,reggae.00030.1.wav,reggae,reggae
8297,reggae.00030.5.wav,reggae,reggae
8298,reggae.00030.6.wav,reggae,reggae
8299,reggae.00030.7.wav,reggae,reggae
8300,reggae.00030.8.wav,reggae,reggae
8303,reggae.00031.1.wav,reggae,reggae
8304,reggae.00031.2.wav,reggae,reggae
8306,reggae.00031.4.wav,reggae,reggae
8307,reggae.00031.5.wav,reggae,reggae
8309,reggae.00031.7.wav,reggae,reggae
8314,reggae.00032.2.wav,reggae,rock
8317,reggae.00032.5.wav,reggae,reggae
8322,reggae.00033.0.wav,reggae,reggae
8328,reggae.00033.6.wav,reggae,reggae
8332,reggae.00034.0.wav,reggae,reggae
8339,reggae.00034.7.wav,reggae,reggae
8349,reggae.00035.7.wav,reggae,reggae
8351,reggae.00035.9.wav,reggae,reggae
8355,reggae.00036.3.wav,reggae,reggae
8364,reggae.00037.2.wav,reggae,reggae
8367,reggae.00037.5.wav,reggae,reggae
8368,reggae.00037.6.wav,reggae,reggae
8370,reggae.00037.8.wav,reggae,reggae
8371,reggae.00037.9.wav,reggae,reggae
8384,reggae.00039.2.wav,reggae,reggae
8386,reggae.00039.4.wav,reggae,reggae
8387,reggae.00039.5.wav,reggae,reggae
8391,reggae.00039.9.wav,reggae,reggae
8392,reggae.00040.0.wav,reggae,classical
8394,reggae.00040.2.wav,reggae,reggae
8398,reggae.00040.6.wav,reggae,reggae
8399,reggae.00040.7.wav,reggae,reggae
8400,reggae.00040.8.wav,reggae,blues
8403,reggae.00041.1.wav,reggae,reggae
8410,reggae.00041.8.wav,reggae,country
8411,reggae.00041.9.wav,reggae,reggae
8412,reggae.00042.0.wav,reggae,reggae
8413,reggae.00042.1.wav,reggae,reggae
8416,reggae.00042.4.wav,reggae,reggae
8418,reggae.00042.6.wav,reggae,reggae
8419,reggae.00042.7.wav,reggae,reggae
8423,reggae.00043.1.wav,reggae,reggae
8431,reggae.00043.9.wav,reggae,reggae
8434,reggae.00044.2.wav,reggae,reggae
8438,reggae.00044.6.wav,reggae,reggae
8440,reggae.00044.8.wav,reggae,reggae
8443,reggae.00045.1.wav,reggae,reggae
8444,reggae.00045.2.wav,reggae,country
8451,reggae.00045.9.wav,reggae,reggae
8453,reggae.00046.1.wav,reggae,reggae
8465,reggae.00047.3.wav,reggae,reggae
8466,reggae.00047.4.wav,reggae,reggae
8468,reggae.00047.6.wav,reggae,reggae
8470,reggae.00047.8.wav,reggae,reggae
8471,reggae.00047.9.wav,reggae,reggae
8474,reggae.00048.2.wav,reggae,reggae
8479,reggae.00048.7.wav,reggae,reggae
8485,reggae.00049.3.wav,reggae,reggae
8486,reggae.00049.4.wav,reggae,jazz
8487,reggae.00049.5.wav,reggae,reggae
8492,reggae.00050.0.wav,reggae,reggae
8497,reggae.00050.5.wav,reggae,reggae
8498,reggae.00050.6.wav,reggae,reggae
8501,reggae.00050.9.wav,reggae,reggae
8509,reggae.00051.7.wav,reggae,reggae
8510,reggae.00051.8.wav,reggae,reggae
8512,reggae.00052.0.wav,reggae,pop
8513,reggae.00052.1.wav,reggae,reggae
8515,reggae.00052.3.wav,reggae,reggae
8517,reggae.00052.5.wav,reggae,rock
8537,reggae.00054.5.wav,reggae,reggae
8538,reggae.00054.6.wav,reggae,reggae
8542,reggae.00055.0.wav,reggae,hiphop
8544,reggae.00055.2.wav,reggae,reggae
8545,reggae.00055.3.wav,reggae,reggae
8549,reggae.00055.7.wav,reggae,reggae
8552,reggae.00056.0.wav,reggae,reggae
8558,reggae.00056.6.wav,reggae,reggae
8567,reggae.00057.5.wav,reggae,reggae
8576,reggae.00058.4.wav,reggae,reggae
8578,reggae.00058.6.wav,reggae,reggae
8582,reggae.00059.0.wav,reggae,reggae
8585,reggae.00059.3.wav,reggae,reggae
8594,reggae.00060.2.wav,reggae,reggae
8605,reggae.00061.3.wav,reggae,reggae
8607,reggae.00061.5.wav,reggae,hiphop
8612,reggae.00062.0.wav,reggae,reggae
8614,reggae.00062.2.wav,reggae,reggae
8628,reggae.00063.6.wav,reggae,reggae
8632,reggae.00064.0.wav,reggae,reggae
8634,reggae.00064.2.wav,reggae,reggae
8636,reggae.00064.4.wav,reggae,reggae
8638,reggae.00064.6.wav,reggae,reggae
8643,reggae.00065.1.wav,reggae,reggae
8645,reggae.00065.3.wav,reggae,reggae
8649,reggae.00065.7.wav,reggae,reggae
8653,reggae.00066.1.wav,reggae,reggae
8654,reggae.00066.2.wav,reggae,reggae
8655,reggae.00066.3.wav,reggae,reggae
8658,reggae.00066.6.wav,reggae,reggae
8659,reggae.00066.7.wav,reggae,reggae
8661,reggae.00066.9.wav,reggae,reggae
8662,reggae.00067.0.wav,reggae,reggae
8664,reggae.00067.2.wav,reggae,reggae
8669,reggae.00067.7.wav,reggae,reggae
8673,reggae.00068.1.wav,reggae,reggae
8675,reggae.00068.3.wav,reggae,reggae
8677,reggae.00068.5.wav,reggae,reggae
8681,reggae.00068.9.wav,reggae,reggae
8683,reggae.00069.1.wav,reggae,reggae
8689,reggae.00069.7.wav,reggae,disco
8690,reggae.00069.8.wav,reggae,reggae
8701,reggae.00070.9.wav,reggae,hiphop
8704,reggae.00071.2.wav,reggae,reggae
8711,reggae.00071.9.wav,reggae,reggae
8713,reggae.00072.1.wav,reggae,reggae
8714,reggae.00072.2.wav,reggae,hiphop
8718,reggae.00072.6.wav,reggae,hiphop
8726,reggae.00073.4.wav,reggae,reggae
8727,reggae.00073.5.wav,reggae,reggae
8729,reggae.00073.7.wav,reggae,reggae
8730,reggae.00073.8.wav,reggae,reggae
8733,reggae.00074.1.wav,reggae,reggae
8739,reggae.00074.7.wav,reggae,reggae
8744,reggae.00075.2.wav,reggae,reggae
8745,reggae.00075.3.wav,reggae,reggae
8746,reggae.00075.4.wav,reggae,reggae
8747,reggae.00075.5.wav,reggae,reggae
8754,reggae.00076.2.wav,reggae,reggae
8773,reggae.00078.1.wav,reggae,reggae
8776,reggae.00078.4.wav,reggae,reggae
8779,reggae.00078.7.wav,reggae,reggae
8785,reggae.00079.3.wav,reggae,reggae
8795,reggae.00080.3.wav,reggae,reggae
8796,reggae.00080.4.wav,reggae,reggae
8799,reggae.00080.7.wav,reggae,hiphop
8808,reggae.00081.6.wav,reggae,reggae
8811,reggae.00081.9.wav,reggae,reggae
8813,reggae.00082.1.wav,reggae,reggae
8821,reggae.00082.9.wav,reggae,reggae
8822,reggae.00083.0.wav,reggae,reggae
8823,reggae.00083.1.wav,reggae,classical
8824,reggae.00083.2.wav,reggae,classical
8826,reggae.00083.4.wav,reggae,reggae
8828,reggae.00083.6.wav,reggae,jazz
8830,reggae.00083.8.wav,reggae,reggae
8831,reggae.00083.9.wav,reggae,reggae
8833,reggae.00084.1.wav,reggae,reggae
8835,reggae.00084.3.wav,reggae,reggae
8836,reggae.00084.4.wav,reggae,reggae
8838,reggae.00084.6.wav,reggae,reggae
8839,reggae.00084.7.wav,reggae,reggae
8840,reggae.00084.8.wav,reggae,reggae
8841,reggae.00084.9.wav,reggae,reggae
8843,reggae.00085.1.wav,reggae,reggae
8845,reggae.00085.3.wav,reggae,reggae
8848,reggae.00085.6.wav,reggae,reggae
8852,reggae.00086.0.wav,reggae,reggae
8857,reggae.00086.5.wav,reggae,reggae
8864,reggae.00087.2.wav,reggae,pop
8869,reggae.00087.7.wav,reggae,pop
8872,reggae.00088.0.wav,reggae,reggae
8878,reggae.00088.6.wav,reggae,reggae
8887,reggae.00089.5.wav,reggae,reggae
8892,reggae.00090.0.wav,reggae,reggae
8898,reggae.00090.6.wav,reggae,reggae
8909,reggae.00091.7.wav,reggae,reggae
8911,reggae.00091.9.wav,reggae,reggae
8913,reggae.00092.1.wav,reggae,reggae
8917,reggae.00092.5.wav,reggae,reggae
8918,reggae.00092.6.wav,reggae,reggae
8919,reggae.00092.7.wav,reggae,reggae
8929,reggae.00093.7.wav,reggae,reggae
8932,reggae.00094.0.wav,reggae,reggae
8936,reggae.00094.4.wav,reggae,reggae
8939,reggae.00094.7.wav,reggae,reggae
8943,reggae.00095.1.wav,reggae,reggae
8953,reggae.00096.1.wav,reggae,reggae
8955,reggae.00096.3.wav,reggae,reggae
8957,reggae.00096.5.wav,reggae,reggae
8958,reggae.00096.6.wav,reggae,reggae
8959,reggae.00096.7.wav,reggae,reggae
8974,reggae.00098.2.wav,reggae,reggae
8979,reggae.00098.7.wav,reggae,reggae
8984,reggae.00099.2.wav,reggae,reggae
8997,rock.00000.5.wav,rock,rock
8999,rock.00000.7.wav,rock,jazz
9001,rock.00000.9.wav,rock,rock
9003,rock.00001.1.wav,rock,rock
9004,rock.00001.2.wav,rock,rock
9014,rock.00002.2.wav,rock,rock
9015,rock.00002.3.wav,rock,rock
9016,rock.00002.4.wav,rock,rock
9019,rock.00002.7.wav,rock,rock
9024,rock.00003.2.wav,rock,rock
9026,rock.00003.4.wav,rock,rock
9030,rock.00003.8.wav,rock,rock
9031,rock.00003.9.wav,rock,rock
9035,rock.00004.3.wav,rock,rock
9042,rock.00005.0.wav,rock,rock
9044,rock.00005.2.wav,rock,rock
9045,rock.00005.3.wav,rock,rock
9047,rock.00005.5.wav,rock,rock
9049,rock.00005.7.wav,rock,rock
9056,rock.00006.4.wav,rock,rock
9060,rock.00006.8.wav,rock,rock
9064,rock.00007.2.wav,rock,country
9065,rock.00007.3.wav,rock,rock
9066,rock.00007.4.wav,rock,rock
9076,rock.00008.4.wav,rock,rock
9082,rock.00009.0.wav,rock,rock
9085,rock.00009.3.wav,rock,rock
9087,rock.00009.5.wav,rock,blues
9088,rock.00009.6.wav,rock,rock
9089,rock.00009.7.wav,rock,blues
9093,rock.00010.1.wav,rock,rock
9104,rock.00011.2.wav,rock,rock
9109,rock.00011.7.wav,rock,blues
9119,rock.00012.7.wav,rock,rock
9129,rock.00013.7.wav,rock,rock
9136,rock.00014.4.wav,rock,rock
9138,rock.00014.6.wav,rock,rock
9142,rock.00015.0.wav,rock,country
9145,rock.00015.3.wav,rock,country
9146,rock.00015.4.wav,rock,rock
9149,rock.00015.7.wav,rock,rock
9161,rock.00016.9.wav,rock,rock
9163,rock.00017.1.wav,rock,rock
9164,rock.00017.2.wav,rock,rock
9165,rock.00017.3.wav,rock,rock
9169,rock.00017.7.wav,rock,metal
9171,rock.00017.9.wav,rock,metal
9172,rock.00018.0.wav,rock,rock
9178,rock.00018.6.wav,rock,rock
9179,rock.00018.7.wav,rock,rock
9180,rock.00018.8.wav,rock,hiphop
9187,rock.00019.5.wav,rock,metal
9188,rock.00019.6.wav,rock,rock
9191,rock.00019.9.wav,rock,rock
9192,rock.00020.0.wav,rock,rock
9194,rock.00020.2.wav,rock,rock
9195,rock.00020.3.wav,rock,rock
9197,rock.00020.5.wav,rock,rock
9199,rock.00020.7.wav,rock,rock
9201,rock.00020.9.wav,rock,rock
9207,rock.00021.5.wav,rock,rock
9210,rock.00021.8.wav,rock,rock
9214,rock.00022.2.wav,rock,rock
9218,rock.00022.6.wav,rock,rock
9224,rock.00023.2.wav,rock,rock
9234,rock.00024.2.wav,rock,rock
9241,rock.00024.9.wav,rock,rock
9242,rock.00025.0.wav,rock,rock
9245,rock.00025.3.wav,rock,rock
9250,rock.00025.8.wav,rock,rock
9260,rock.00026.8.wav,rock,rock
9283,rock.00029.2.wav,rock,rock
9287,rock.00029.6.wav,rock,rock
9288,rock.00029.7.wav,rock,rock
9291,rock.00030.0.wav,rock,country
9292,rock.00030.1.wav,rock,country
9297,rock.00030.6.wav,rock,rock
9298,rock.00030.7.wav,rock,rock
9302,rock.00031.1.wav,rock,reggae
9306,rock.00031.5.wav,rock,rock
9312,rock.00032.1.wav,rock,rock
9313,rock.00032.2.wav,rock,rock
9315,rock.00032.4.wav,rock,rock
9325,rock.00033.4.wav,rock,rock
9326,rock.00033.5.wav,rock,rock
9327,rock.00033.6.wav,rock,rock
9328,rock.00033.7.wav,rock,country
9330,rock.00033.9.wav,rock,country
9337,rock.00034.6.wav,rock,rock
9340,rock.00034.9.wav,rock,rock
9341,rock.00035.0.wav,rock,rock
9356,rock.00036.5.wav,rock,rock
9358,rock.00036.7.wav,rock,rock
9360,rock.00036.9.wav,rock,rock
9362,rock.00037.1.wav,rock,rock
9363,rock.00037.2.wav,rock,rock
9364,rock.00037.3.wav,rock,rock
9370,rock.00037.9.wav,rock,rock
9372,rock.00038.1.wav,rock,rock
9374,rock.00038.3.wav,rock,disco
9376,rock.00038.5.wav,rock,hiphop
9382,rock.00039.2.wav,rock,country
9383,rock.00039.3.wav,rock,rock
9385,rock.00039.5.wav,rock,rock
9390,rock.00040.0.wav,rock,rock
9392,rock.00040.2.wav,rock,rock
9397,rock.00040.7.wav,rock,disco
9400,rock.00041.0.wav,rock,rock
9407,rock.00041.7.wav,rock,rock
9426,rock.00043.6.wav,rock,rock
9427,rock.00043.7.wav,rock,rock
9431,rock.00044.1.wav,rock,rock
9433,rock.00044.3.wav,rock,rock
9437,rock.00044.7.wav,rock,rock
9441,rock.00045.1.wav,rock,rock
9444,rock.00045.4.wav,rock,rock
9448,rock.00045.8.wav,rock,rock
9452,rock.00046.2.wav,rock,jazz
9459,rock.00046.9.wav,rock,rock
9460,rock.00047.0.wav,rock,disco
9463,rock.00047.3.wav,rock,rock
9467,rock.00047.7.wav,rock,rock
9468,rock.00047.8.wav,rock,country
9471,rock.00048.1.wav,rock,rock
9481,rock.00049.1.wav,rock,classical
9483,rock.00049.3.wav,rock,rock
9486,rock.00049.6.wav,rock,rock
9487,rock.00049.7.wav,rock,rock
9496,rock.00050.6.wav,rock,rock
9497,rock.00050.7.wav,rock,rock
9498,rock.00050.8.wav,rock,rock
9499,rock.00050.9.wav,rock,rock
9503,rock.00051.3.wav,rock,rock
9508,rock.00051.8.wav,rock,rock
9517,rock.00052.7.wav,rock,rock
9520,rock.00053.0.wav,rock,rock
9521,rock.00053.1.wav,rock,rock
9535,rock.00054.5.wav,rock,rock
9539,rock.00054.9.wav,rock,rock
9540,rock.00055.0.wav,rock,rock
9543,rock.00055.3.wav,rock,rock
9546,rock.00055.6.wav,rock,rock
9549,rock.00055.9.wav,rock,rock
9552,rock.00056.2.wav,rock,rock
9563,rock.00057.3.wav,rock,rock
9567,rock.00057.7.wav,rock,jazz
9568,rock.00057.8.wav,rock,rock
9572,rock.00058.2.wav,rock,rock
9573,rock.00058.3.wav,rock,rock
9575,rock.00058.5.wav,rock,rock
9577,rock.00058.7.wav,rock,rock
9585,rock.00059.5.wav,rock,rock
9586,rock.00059.6.wav,rock,rock
9593,rock.00060.3.wav,rock,rock
9604,rock.00061.4.wav,rock,jazz
9606,rock.00061.6.wav,rock,rock
9607,rock.00061.7.wav,rock,rock
9608,rock.00061.8.wav,rock,rock
9611,rock.00062.1.wav,rock,rock
9617,rock.00062.7.wav,rock,rock
9621,rock.00063.1.wav,rock,rock
9622,rock.00063.2.wav,rock,rock
9629,rock.00063.9.wav,rock,rock
9632,rock.00064.2.wav,rock,rock
9643,rock.00065.3.wav,rock,rock
9644,rock.00065.4.wav,rock,rock
9649,rock.00065.9.wav,rock,rock
9650,rock.00066.0.wav,rock,rock
9663,rock.00067.3.wav,rock,rock
9675,rock.00068.5.wav,rock,rock
9678,rock.00068.8.wav,rock,rock
9679,rock.00068.9.wav,rock,rock
9681,rock.00069.1.wav,rock,rock
9682,rock.00069.2.wav,rock,rock
9685,rock.00069.5.wav,rock,rock
9686,rock.00069.6.wav,rock,rock
9687,rock.00069.7.wav,rock,rock
9693,rock.00070.3.wav,rock,rock
9701,rock.00071.1.wav,rock,rock
9703,rock.00071.3.wav,rock,rock
9705,rock.00071.5.wav,rock,rock
9707,rock.00071.7.wav,rock,rock
9718,rock.00072.8.wav,rock,disco
9720,rock.00073.0.wav,rock,rock
9723,rock.00073.3.wav,rock,rock
9724,rock.00073.4.wav,rock,rock
9726,rock.00073.6.wav,rock,rock
9730,rock.00074.0.wav,rock,country
9739,rock.00074.9.wav,rock,rock
9740,rock.00075.0.wav,rock,reggae
9741,rock.00075.1.wav,rock,rock
9742,rock.00075.2.wav,rock,rock
9745,rock.00075.5.wav,rock,rock
9746,rock.00075.6.wav,rock,rock
9748,rock.00075.8.wav,rock,rock
9749,rock.00075.9.wav,rock,rock
9755,rock.00076.5.wav,rock,rock
9758,rock.00076.8.wav,rock,rock
9762,rock.00077.2.wav,rock,rock
9771,rock.00078.1.wav,rock,rock
9772,rock.00078.2.wav,rock,rock
9779,rock.00078.9.wav,rock,rock
9780,rock.00079.0.wav,rock,rock
9786,rock.00079.6.wav,rock,rock
9788,rock.00079.8.wav,rock,rock
9794,rock.00080.4.wav,rock,rock
9801,rock.00081.1.wav,rock,disco
9802,rock.00081.2.wav,rock,rock
9808,rock.00081.8.wav,rock,rock
9812,rock.00082.2.wav,rock,rock
9820,rock.00083.0.wav,rock,rock
9821,rock.00083.1.wav,rock,rock
9833,rock.00084.3.wav,rock,rock
9840,rock.00085.0.wav,rock,rock
9848,rock.00085.8.wav,rock,rock
9849,rock.00085.9.wav,rock,classical
9852,rock.00086.2.wav,rock,metal
9854,rock.00086.4.wav,rock,metal
9856,rock.00086.6.wav,rock,rock
9858,rock.00086.8.wav,rock,rock
9865,rock.00087.5.wav,rock,rock
9866,rock.00087.6.wav,rock,rock
9878,rock.00088.8.wav,rock,rock
9883,rock.00089.3.wav,rock,blues
9899,rock.00090.9.wav,rock,rock
9919,rock.00092.9.wav,rock,rock
9922,rock.00093.2.wav,rock,rock
9925,rock.00093.5.wav,rock,rock
9936,rock.00094.6.wav,rock,metal
9937,rock.00094.7.wav,rock,rock
9939,rock.00094.9.wav,rock,rock
9941,rock.00095.1.wav,rock,rock
9947,rock.00095.7.wav,rock,rock
9949,rock.00095.9.wav,rock,rock
9955,rock.00096.5.wav,rock,rock
9957,rock.00096.7.wav,rock,rock
9960,rock.00097.0.wav,rock,jazz
9969,rock.00097.9.wav,rock,rock
9970,rock.00098.0.wav,rock,jazz
9973,rock.00098.3.wav,rock,rock
9981,rock.00099.1.wav,rock,classical
9985,rock.00099.5.wav,rock,rock
9988,rock.00099.8.wav,rock,rock
9989,rock.00099.9.wav,rock,rock
